"","Phase","week","year","monthname","yearmonth","state","newcases","UE_unweight","UE_weight","CLF_unweight","CLF_weight","scenario","unemp_rt_unweight","unemp_rt_weight"
"1",1,2,2020,"May","2020 May","Alabama",18200,92.9999999999916,705057.773276352,890.999999999999,2246656.62565409,"scenario 1",0.104377104377095,0.313825337270257
"2",1,6,2020,"Jun","2020 June","Alabama",20277,109.000000000005,393974.590311017,884.000000000004,2249737.81035359,"scenario 1",0.123303167420819,0.175120224453665
"3",1,10,2020,"Jul","2020 July","Alabama",49789,117.686991857212,376362.230345157,879.292527429356,2296709.39484469,"scenario 1",0.133842820433462,0.163870201075486
"4",2,13,2020,"Aug","2020 August","Alabama",38234,84.5135501617824,256800.902991496,883.328776646012,2241535.9588328,"scenario 1",0.0956762107113495,0.114564703715579
"5",2,14,2020,"Sep","2020 September","Alabama",28272,85.9845141008206,250978.659195779,1009.05282669029,2204686.47427534,"scenario 1",0.0852130947225542,0.113838707736561
"6",2,17,2020,"Oct","2020 October","Alabama",38841,58.8151734262921,247212.285091597,1062.00049756729,2218744.63294725,"scenario 1",0.0553814932865091,0.111419890969253
"7",3,19,2020,"Nov","2020 November","Alabama",55911,46.5866881982118,266484.395244328,1066.40833547294,2205594.39371657,"scenario 1",0.0436856002044952,0.120822031468481
"8",3,21,2020,"Dec","2020 December","Alabama",111702,50.165741673617,260979.56064652,1032.03940175798,2166280.2451823,"scenario 1",0.0486083589329674,0.120473591183286
"9",3,22,2021,"Jan","2021 January","Alabama",98413,39.2415164953272,225975.123173315,1039.56660921872,2147065.99059388,"scenario 1",0.0377479578002404,0.105248336177506
"10",3,24,2021,"Feb","2021 February","Alabama",33697,43.4762659003253,239912.944282404,1051.51294594561,2165044.24517721,"scenario 1",0.0413463914714123,0.110812028353151
"11",3,26,2021,"Mar","2021 March","Alabama",22087,39.5295581864325,202337.969850698,1024.79807927187,2158089.25321671,"scenario 1",0.0385730213453547,0.093757924770306
"12",1,2,2020,"May","2020 May","Alaska",484,90.0000000000097,73931.5489607056,562.999997351167,322786.189973299,"scenario 1",0.159857904837383,0.229041858844151
"13",1,6,2020,"Jun","2020 June","Alaska",658,101.919508574275,55386.0915395374,559.014177908538,337009.661356297,"scenario 1",0.182320078098181,0.164345708418672
"14",1,10,2020,"Jul","2020 July","Alaska",2574,124.149484076438,62408.7560280292,600.973663634518,339419.253116157,"scenario 1",0.206580573474081,0.183869227968254
"15",2,13,2020,"Aug","2020 August","Alaska",2456,128.890368202102,39060.1490684447,633.195480161165,343594.429026639,"scenario 1",0.203555414149981,0.113680973172637
"16",2,14,2020,"Sep","2020 September","Alaska",2674,133.625370031689,41090.7196166782,636.770670982521,343222.762934285,"scenario 1",0.209848499814711,0.11972026349705
"17",2,17,2020,"Oct","2020 October","Alaska",7520,105.006096633275,38781.9521491912,627.294248816957,349767.683082907,"scenario 1",0.167395280335044,0.110879175020862
"18",3,19,2020,"Nov","2020 November","Alaska",16232,91.3417538848069,33872.520632786,615.763622663325,347589.822492724,"scenario 1",0.148338990032786,0.0974496905285399
"19",3,21,2020,"Dec","2020 December","Alaska",14428,105.035260687961,45135.6283665838,613.817617388988,345428.259130547,"scenario 1",0.171118028730997,0.130665708938208
"20",3,22,2021,"Jan","2021 January","Alaska",7342,77.0796513219222,36423.7484703484,602.33830304396,337806.523675168,"scenario 1",0.127967374700222,0.107824289697179
"21",3,24,2021,"Feb","2021 February","Alaska",3931,85.0377891697953,39824.7588874033,610.817171489077,328888.742435759,"scenario 1",0.139219709495865,0.121088847834864
"22",3,26,2021,"Mar","2021 March","Alaska",4603,56.9147174179743,26116.5705707029,576.015022249583,323644.967587773,"scenario 1",0.0988076963612828,0.0806951233178686
"23",1,2,2020,"May","2020 May","Arizona",19936,131.000000000012,878623.942605071,695.999999999984,3478213.77714241,"scenario 1",0.188218390804619,0.252607803574087
"24",1,6,2020,"Jun","2020 June","Arizona",59293,190.818703546026,643838.431114844,681.098497447822,3530002.3727309,"scenario 1",0.280163154464519,0.182390367804981
"25",1,10,2020,"Jul","2020 July","Arizona",94789,174.515628212456,541654.840207404,709.593054443021,3563683.50559509,"scenario 1",0.24593762173932,0.15199297001459
"26",2,13,2020,"Aug","2020 August","Arizona",27837,190.199157947562,485984.075541891,684.285041315606,3460550.40931721,"scenario 1",0.277953113781188,0.140435485127864
"27",2,14,2020,"Sep","2020 September","Arizona",16657,180.261688444201,465775.799737434,893.784337835236,3516725.86994921,"scenario 1",0.201683650980949,0.132445864978427
"28",2,17,2020,"Oct","2020 October","Arizona",27436,108.626646691619,364724.049776075,897.574368288753,3462570.37126784,"scenario 1",0.121022447308426,0.105333324862515
"29",3,19,2020,"Nov","2020 November","Arizona",80870,101.421720774487,402832.127759907,884.275458348628,3416629.64266969,"scenario 1",0.114694713979613,0.117903363808885
"30",3,21,2020,"Dec","2020 December","Arizona",193400,100.018603683127,376118.362528955,838.668950283203,3480971.64137277,"scenario 1",0.119258741663624,0.108049820934659
"31",3,22,2021,"Jan","2021 January","Arizona",238221,87.0972631822402,326864.959722328,853.944437822841,3514078.66936112,"scenario 1",0.101994063459559,0.0930158344411094
"32",3,24,2021,"Feb","2021 February","Arizona",58354,89.8513301248246,339667.969168026,820.977337522493,3520148.78733244,"scenario 1",0.109444348848865,0.0964925034959745
"33",3,26,2021,"Mar","2021 March","Arizona",25103,94.189257393598,350269.136500965,779.798516692201,3506423.72048302,"scenario 1",0.120786658832253,0.0998935566328859
"34",1,2,2020,"May","2020 May","Arkansas",7267,72.9999999999997,346048.142053617,756.999998288164,1389895.87639856,"scenario 1",0.0964332895179362,0.248974148301154
"35",1,6,2020,"Jun","2020 June","Arkansas",13729,98.9999999999987,204717.925053993,656.999998958876,1308800.50696926,"scenario 1",0.150684931745632,0.156416446940452
"36",1,10,2020,"Jul","2020 July","Arkansas",21548,97.1852372533034,188172.803744805,632.928473409642,1290676.53250738,"scenario 1",0.153548530894428,0.145793929776693
"37",2,13,2020,"Aug","2020 August","Arkansas",19612,93.0252016864038,172389.654807287,674.742497436347,1304115.54955194,"scenario 1",0.137867708110648,0.132188942050814
"38",2,14,2020,"Sep","2020 September","Arkansas",21541,72.5623848483639,133632.789098358,847.346832271118,1309536.96229861,"scenario 1",0.0856348098379941,0.102045832187733
"39",2,17,2020,"Oct","2020 October","Arkansas",28587,63.0413365912112,149048.450728406,904.948610180637,1311000.5023796,"scenario 1",0.0696628912205607,0.113690612976782
"40",3,19,2020,"Nov","2020 November","Arkansas",45415,43.7696271404232,135251.218175615,899.40357289315,1357638.85458317,"scenario 1",0.0486651692961677,0.0996223831684164
"41",3,21,2020,"Dec","2020 December","Arkansas",67755,40.5655938056817,131248.185276852,887.558575394886,1380397.48071599,"scenario 1",0.0457046948001528,0.0950799947916274
"42",3,22,2021,"Jan","2021 January","Arkansas",70094,39.4295715907757,118524.625403701,929.110362132948,1372186.04065501,"scenario 1",0.0424379849776486,0.0863764984426777
"43",3,24,2021,"Feb","2021 February","Arkansas",26963,50.222662670405,145728.139675091,889.083195921815,1391938.42588599,"scenario 1",0.0564881474543374,0.104694386594244
"44",3,26,2021,"Mar","2021 March","Arkansas",8409,34.1983844134525,108669.22262691,862.877869140907,1356367.96302414,"scenario 1",0.0396329372168287,0.0801178040099254
"45",1,2,2020,"May","2020 May","California",112922,468.000000000687,6350922.63144789,3934.99998612135,18278509.9942556,"scenario 1",0.118932656074031,0.347452972558693
"46",1,6,2020,"Jun","2020 June","California",126802,601.975848303098,4166394.79554179,3799.87243268189,18775221.7568084,"scenario 1",0.158420015136728,0.221909218943364
"47",1,10,2020,"Jul","2020 July","California",267605,750.422124316543,4398133.54233431,3646.03204966698,18691815.8575062,"scenario 1",0.205818850216932,0.235297286034846
"48",2,13,2020,"Aug","2020 August","California",207246,905.583237035555,4088005.64650458,3732.92553272333,18843208.8766804,"scenario 1",0.24259343753233,0.21694848649498
"49",2,14,2020,"Sep","2020 September","California",107677,960.081911653401,4328951.1842331,4418.64217378777,18799529.7000009,"scenario 1",0.2172798506629,0.23026912126599
"50",2,17,2020,"Oct","2020 October","California",114073,532.468585861241,3355195.16404722,4750.35533465586,19055999.8075544,"scenario 1",0.112090264485407,0.17607027696952
"51",3,19,2020,"Nov","2020 November","California",308627,447.214569839401,3543019.15537634,4578.82160282354,18717504.4336041,"scenario 1",0.0976702323505299,0.189289077929398
"52",3,21,2020,"Dec","2020 December","California",1080647,524.246129068473,3650859.40656824,3991.28311820056,18683994.0134452,"scenario 1",0.131347768009207,0.19540037338596
"53",3,22,2021,"Jan","2021 January","California",998666,452.431703872253,3165370.9890146,4066.84639709413,18378866.5984662,"scenario 1",0.111248780921632,0.172228846216163
"54",3,24,2021,"Feb","2021 February","California",243317,461.575890078567,3116060.78845035,4563.22123359032,18605523.3504021,"scenario 1",0.101151328513477,0.167480415883222
"55",3,26,2021,"Mar","2021 March","California",101200,464.000000011829,3086685.11638828,4393.99998420578,18591535.6603511,"scenario 1",0.105598543850632,0.166026366663785
"56",1,2,2020,"May","2020 May","Colorado",26626,117.00000063104,662631.581961108,606.999999968151,3023903.20267119,"scenario 1",0.192751236634561,0.219131214708119
"57",1,6,2020,"Jun","2020 June","Colorado",6091,156.000001081075,522651.072114379,587.999999963672,3047135.42106352,"scenario 1",0.265306124303934,0.171522101873622
"58",1,10,2020,"Jul","2020 July","Colorado",14097,158.610097354606,465716.120635833,720.538708410035,3073960.65431065,"scenario 1",0.220127101435814,0.151503604960836
"59",2,13,2020,"Aug","2020 August","Colorado",10613,166.514505236171,337356.767237347,760.216672890988,3091343.06361007,"scenario 1",0.219035587055651,0.109129514355285
"60",2,14,2020,"Sep","2020 September","Colorado",13117,152.855604374808,308766.975108689,779.9978732713,3144512.29553982,"scenario 1",0.195969257882376,0.0981923255783239
"61",2,17,2020,"Oct","2020 October","Colorado",36808,131.566604552877,304741.274823782,802.435273363505,3167333.40944402,"scenario 1",0.163959149005751,0.0962138289310298
"62",3,19,2020,"Nov","2020 November","Colorado",125554,115.061843673445,313104.754036907,743.803154477449,3194906.51700005,"scenario 1",0.154693944198556,0.098001225504058
"63",3,21,2020,"Dec","2020 December","Colorado",101195,116.077812063671,330290.230998158,768.045757920331,3167402.142277,"scenario 1",0.151133979800865,0.104277959085018
"64",3,22,2021,"Jan","2021 January","Colorado",62122,95.6648333951866,326241.719096128,777.040022781728,3152279.25145228,"scenario 1",0.12311442215385,0.103493914425832
"65",3,24,2021,"Feb","2021 February","Colorado",32122,88.027528592018,256786.572875659,754.399657324489,3122238.01734984,"scenario 1",0.116685536290156,0.0822443937485651
"66",3,26,2021,"Mar","2021 March","Colorado",33740,78.6212096049009,238071.602371549,739.52287902244,3062126.52739346,"scenario 1",0.106313424283544,0.0777471473636983
"67",1,2,2020,"May","2020 May","Connecticut",42338,105.000000089601,526979.560766008,484.999999999998,1779883.43753535,"scenario 1",0.216494845545571,0.296075321368084
"68",1,6,2020,"Jun","2020 June","Connecticut",4337,132.000000140495,362947.937968784,514.999999999996,1862889.29159103,"scenario 1",0.256310679884457,0.194830653440926
"69",1,10,2020,"Jul","2020 July","Connecticut",3144,115.000000174353,276486.333469,549.999999999999,1876168.60639341,"scenario 1",0.209090909407915,0.147367530043312
"70",2,13,2020,"Aug","2020 August","Connecticut",3204,132.00000026791,224198.814080743,592.000000000001,1851890.03881505,"scenario 1",0.222972973425523,0.121064863129886
"71",2,14,2020,"Sep","2020 September","Connecticut",4527,152.140037824073,261466.461091749,596.885817029282,1813543.44072199,"scenario 1",0.254889684900335,0.144174357901047
"72",2,17,2020,"Oct","2020 October","Connecticut",13705,101.809039946694,215968.127920746,590.337522232791,1787855.25494943,"scenario 1",0.172459035911574,0.120797322558898
"73",3,19,2020,"Nov","2020 November","Connecticut",46040,64.3437291193614,182002.471787849,547.992459980971,1762142.38001255,"scenario 1",0.117417179648048,0.103284770772356
"74",3,21,2020,"Dec","2020 December","Connecticut",68892,81.973014180089,242174.828696305,555.178234659592,1824098.22192837,"scenario 1",0.147651707258212,0.132764138347926
"75",3,22,2021,"Jan","2021 January","Connecticut",63906,60.8954364555797,171379.401143694,532.565391767439,1795329.69391578,"scenario 1",0.114343585589526,0.0954584563072087
"76",3,24,2021,"Feb","2021 February","Connecticut",29853,76.8387449907177,199004.521421122,480.040574329915,1730005.33228209,"scenario 1",0.160067188274609,0.115031160718222
"77",3,26,2021,"Mar","2021 March","Connecticut",30678,68.0000017969899,176434.195224078,474.999999999999,1761601.07656322,"scenario 1",0.143157898519979,0.100155590031933
"78",1,2,2020,"May","2020 May","Delaware",9505,93.1259504547263,122687.275200219,485.151783616916,463342.852864405,"scenario 1",0.191952196404291,0.26478724003567
"79",1,6,2020,"Jun","2020 June","Delaware",1986,94.0015645027335,81424.8678388036,464.001885388198,473337.164262231,"scenario 1",0.202588755483372,0.172022976403547
"80",1,10,2020,"Jul","2020 July","Delaware",3297,95.438866909074,72267.9424102249,439.323775271499,483086.883516536,"scenario 1",0.217240386887992,0.149596159357846
"81",2,13,2020,"Aug","2020 August","Delaware",2661,66.7871353642339,47792.7962539481,550.948581366362,482211.27508475,"scenario 1",0.121222084279808,0.0991117352980772
"82",2,14,2020,"Sep","2020 September","Delaware",3166,66.3475101171082,46926.9126140069,564.598363364196,469031.942086831,"scenario 1",0.117512756717487,0.100050568848719
"83",2,17,2020,"Oct","2020 October","Delaware",4736,46.4826012199437,40976.1457685883,561.402008592979,464162.148210042,"scenario 1",0.0827973546735989,0.0882798089559983
"84",3,19,2020,"Nov","2020 November","Delaware",10303,43.9897285437683,46059.8478311322,580.577410266175,462424.287696292,"scenario 1",0.0757689289419658,0.0996051657679864
"85",3,21,2020,"Dec","2020 December","Delaware",21802,51.2169146720066,53882.6860565348,523.261405121078,452828.963956361,"scenario 1",0.0978801688233733,0.118991253531493
"86",3,22,2021,"Jan","2021 January","Delaware",20615,40.2444897109622,46014.6950760044,562.29463595861,482408.767581324,"scenario 1",0.0715718897839967,0.0953852793901539
"87",3,24,2021,"Feb","2021 February","Delaware",8728,51.1885536441314,49431.685058797,592.842544392205,488400.515067755,"scenario 1",0.0863442648108378,0.101211369631622
"88",3,26,2021,"Mar","2021 March","Delaware",8003,41.176684861469,40370.7713015887,567.597606632889,489662.295106909,"scenario 1",0.0725455575927071,0.0824461505511149
"89",1,2,2020,"May","2020 May","District of Columbia",8801,75.0000005650114,100740.326181242,832.999999999992,392517.826627534,"scenario 1",0.0900360150840482,0.256651594774154
"90",1,6,2020,"Jun","2020 June","District of Columbia",1526,72.1573606706286,70241.3526683793,782.846182563188,399445.246809723,"scenario 1",0.092173101533652,0.17584726124389
"91",1,10,2020,"Jul","2020 July","District of Columbia",1799,51.6953166629589,52713.0729659939,800.476601082935,392649.716082428,"scenario 1",0.0645806718060493,0.134249614368569
"92",2,13,2020,"Aug","2020 August","District of Columbia",1866,104.203444802606,60081.9809164419,907.363316378494,408290.866528229,"scenario 1",0.114842029561551,0.147154849255703
"93",2,14,2020,"Sep","2020 September","District of Columbia",1334,85.5014148240379,49013.4837224946,859.856181880743,403150.766772501,"scenario 1",0.0994368786615253,0.121576064743424
"94",2,17,2020,"Oct","2020 October","District of Columbia",1940,76.600519175088,48282.5787515529,890.111447473917,398729.56461283,"scenario 1",0.0860572228258335,0.121091042743308
"95",3,19,2020,"Nov","2020 November","District of Columbia",4286,58.7199201007173,54024.915198846,935.804594210703,404888.454989825,"scenario 1",0.0627480570879694,0.133431602045071
"96",3,21,2020,"Dec","2020 December","District of Columbia",7431,56.2800831113282,49447.5530721143,948.195405789285,413584.260807021,"scenario 1",0.0593549417848953,0.119558594845046
"97",3,22,2021,"Jan","2021 January","District of Columbia",7889,52.4513948550451,51961.2433653777,998.201968947442,407051.24600276,"scenario 1",0.0525458739681236,0.127652829651394
"98",3,24,2021,"Feb","2021 February","District of Columbia",3726,55.2071055240905,45897.6461784825,928.164347115122,410064.648433282,"scenario 1",0.0594798816563928,0.111927829804012
"99",3,26,2021,"Mar","2021 March","District of Columbia",3915,58.1834598715012,45082.7475843978,852.979954558125,405119.585139896,"scenario 1",0.0682119896963375,0.111282567513564
"100",1,2,2020,"May","2020 May","Florida",56172,264.367183298053,3369316.28188695,1732.32751266146,9758706.03561482,"scenario 1",0.152608084421572,0.345262606496239
"101",1,6,2020,"Jun","2020 June","Florida",96297,404.519909591155,2527069.07535602,1660.93305353632,9785831.93447601,"scenario 1",0.243549797946332,0.258237530776818
"102",1,10,2020,"Jul","2020 July","Florida",317975,436.636667475982,2387686.85233663,1700.20047643835,9938050.08251069,"scenario 1",0.256814813033501,0.24025707583609
"103",2,13,2020,"Aug","2020 August","Florida",153027,322.98682852732,1818230.56765177,1766.41518586289,10086086.3905434,"scenario 1",0.182848761215524,0.180271167353526
"104",2,14,2020,"Sep","2020 September","Florida",83054,299.753168351109,1726092.245463,2237.09747408154,10013150.3612303,"scenario 1",0.133992001611005,0.17238253528542
"105",2,17,2020,"Oct","2020 October","Florida",96075,201.168478375661,1555614.19929905,2397.21242657976,10151066.2898122,"scenario 1",0.083917668766084,0.153246383669101
"106",3,19,2020,"Nov","2020 November","Florida",196719,141.49098524797,1390667.06117701,2343.51860883167,10116226.0528029,"scenario 1",0.0603754477198319,0.137468958672756
"107",3,21,2020,"Dec","2020 December","Florida",324165,197.627323741796,1823171.42662582,2307.10334746629,10123997.7093401,"scenario 1",0.0856603688598672,0.180084140570658
"108",3,22,2021,"Jan","2021 January","Florida",397893,152.464683681083,1410788.59164351,2389.68682502992,10206797.5782413,"scenario 1",0.0638011148926069,0.138220492845965
"109",3,24,2021,"Feb","2021 February","Florida",187845,125.54010445025,1047058.53330688,2382.6734238147,10207471.6919638,"scenario 1",0.0526887584322228,0.102577657318532
"110",3,26,2021,"Mar","2021 March","Florida",148603,184.44467003163,1509609.35539489,2266.83166569685,10136249.1852468,"scenario 1",0.0813667255591869,0.148931752545321
"111",1,2,2020,"May","2020 May","Georgia",48097,132.000000019345,1271638.67845784,933.999997640858,4863347.861051,"scenario 1",0.141327623504022,0.261473930055874
"112",1,6,2020,"Jun","2020 June","Georgia",34712,206.000000036096,975198.441260917,911.999997492095,4946163.65539754,"scenario 1",0.225877193643174,0.19716259088935
"113",1,10,2020,"Jul","2020 July","Georgia",104023,208.175725102718,893050.144038587,906.701183024587,4958018.0135896,"scenario 1",0.229596838517716,0.180122408105577
"114",2,13,2020,"Aug","2020 August","Georgia",84845,208.150995528697,769278.439713916,880.29502393282,4883765.41864208,"scenario 1",0.236455949277957,0.157517483697612
"115",2,14,2020,"Sep","2020 September","Georgia",47530,178.795722232713,697495.048110918,1103.07057863138,4866001.39930545,"scenario 1",0.162089104447469,0.143340494766499
"116",2,17,2020,"Oct","2020 October","Georgia",43347,113.394787055889,622286.762790605,1191.49946152177,5032688.02104475,"scenario 1",0.0951698181307289,0.123648984437033
"117",3,19,2020,"Nov","2020 November","Georgia",111300,91.368176356689,625180.674632466,1214.93417922088,5088641.10216032,"scenario 1",0.0752042192238615,0.122858079805835
"118",3,21,2020,"Dec","2020 December","Georgia",192599,79.9902178639014,583913.713907838,1203.43071982189,5110754.60392717,"scenario 1",0.0664684859264189,0.114251956738277
"119",3,22,2021,"Jan","2021 January","Georgia",243157,91.2373579171777,603295.575934125,1192.82955411377,5143025.6712794,"scenario 1",0.0764881768753324,0.117303629126947
"120",3,24,2021,"Feb","2021 February","Georgia",97610,111.945367235087,641136.278904294,1236.99840609051,5178054.43322525,"scenario 1",0.0904975840582416,0.123817987464637
"121",3,26,2021,"Mar","2021 March","Georgia",53603,76.9416526711651,453137.294017152,1200.24085636189,5125050.28851927,"scenario 1",0.0641051771095235,0.0884161654047051
"122",1,2,2020,"May","2020 May","Hawaii",655,126.999999999968,279814.698290542,680.999999999995,637346.753525468,"scenario 1",0.186490455212876,0.439030554000242
"123",1,6,2020,"Jun","2020 June","Hawaii",262,169.312629741808,187958.965775906,654.4783513531,633141.721398697,"scenario 1",0.258698594677368,0.296867130096368
"124",1,10,2020,"Jul","2020 July","Hawaii",1199,213.538819233967,215474.408115795,662.10309121293,649546.065391449,"scenario 1",0.322515967781962,0.331730757211098
"125",2,13,2020,"Aug","2020 August","Hawaii",6356,181.822509195154,169635.451445599,726.584940513301,651760.302117676,"scenario 1",0.250242606276293,0.260272758089785
"126",2,14,2020,"Sep","2020 September","Hawaii",4125,153.205736011159,144492.925972482,738.006729028865,648448.584515231,"scenario 1",0.207593955427426,0.222828655074484
"127",2,17,2020,"Oct","2020 October","Hawaii",2687,134.421430633643,170968.696406644,709.889532503653,644633.170585919,"scenario 1",0.189355420074392,0.265218583541469
"128",3,19,2020,"Nov","2020 November","Hawaii",2942,62.0000000000582,126178.188442514,717.99999999999,648394.70511046,"scenario 1",0.0863509749304443,0.194600892709354
"129",3,21,2020,"Dec","2020 December","Hawaii",3781,82.9999999999674,161155.605213571,698.000000000017,647304.880134106,"scenario 1",0.118911174785051,0.248963989241334
"130",3,22,2021,"Jan","2021 January","Hawaii",4640,74.8716637684535,134784.739215798,701.765715515435,639358.126971297,"scenario 1",0.106690398395227,0.210812584574918
"131",3,24,2021,"Feb","2021 February","Hawaii",1776,74.8272114158212,121508.090848228,696.171639872667,632104.945040113,"scenario 1",0.107483854742356,0.192227717567558
"132",3,26,2021,"Mar","2021 March","Hawaii",2441,74.0000000002199,124242.218998144,688.999999999992,627011.23002188,"scenario 1",0.107402031930654,0.198149910319483
"133",1,2,2020,"May","2020 May","Idaho",2841,88.0000000003099,200628.124156319,759.999999998452,847171.123747941,"scenario 1",0.115789473684854,0.236821249606251
"134",1,6,2020,"Jun","2020 June","Idaho",3278,86.6857683384717,102858.681418464,767.190524597622,873180.243376524,"scenario 1",0.112991187402812,0.117797765351077
"135",1,10,2020,"Jul","2020 July","Idaho",14599,62.496100582901,77150.0517269627,765.461249646962,892181.319598669,"scenario 1",0.0816450220200236,0.0864735116418569
"136",2,13,2020,"Aug","2020 August","Idaho",11367,81.0672847249932,69977.449238223,750.179808263179,896761.241779805,"scenario 1",0.108063805279804,0.0780335344325748
"137",2,14,2020,"Sep","2020 September","Idaho",11016,66.7055259712677,53180.2465118221,972.486329050908,899956.357215185,"scenario 1",0.0685927647295243,0.0590920282805518
"138",2,17,2020,"Oct","2020 October","Idaho",21512,50.3983630600477,47212.1522751681,983.905455828439,888019.879615938,"scenario 1",0.0512227701975825,0.0531656479307501
"139",3,19,2020,"Nov","2020 November","Idaho",37087,51.3221032778734,59163.2102829391,952.53450999464,863601.241067752,"scenario 1",0.0538795211505379,0.0685075558828402
"140",3,21,2020,"Dec","2020 December","Idaho",39393,50.9393248801421,64057.5449985172,1012.78004805692,886228.443160743,"scenario 1",0.0502965327741916,0.072281075486649
"141",3,22,2021,"Jan","2021 January","Idaho",21597,44.8388594437036,62338.6794126167,1016.95623724975,891895.564574596,"scenario 1",0.0440912379523484,0.0698945951618787
"142",3,24,2021,"Feb","2021 February","Idaho",8635,45.1713102143232,60590.4312613111,1031.80219018092,890252.637147523,"scenario 1",0.0437790408318502,0.0680598166554722
"143",3,26,2021,"Mar","2021 March","Idaho",9215,45.3753595170986,57012.5757718153,981.703647104561,887744.884751737,"scenario 1",0.0462210359011386,0.0642218015007309
"144",1,2,2020,"May","2020 May","Illinois",120643,160.74440562996,1912510.36007779,1264.24408314588,6139390.6634027,"scenario 1",0.127146654489355,0.311514686869235
"145",1,6,2020,"Jun","2020 June","Illinois",22771,200.744405636945,1257116.9792006,1203.24408314588,6147130.96313492,"scenario 1",0.166835979872096,0.204504668395661
"146",1,10,2020,"Jul","2020 July","Illinois",36712,196.580908512829,1156815.27139293,1388.28845438631,6067513.78474187,"scenario 1",0.141599469398258,0.190657213552939
"147",2,13,2020,"Aug","2020 August","Illinois",56622,204.361919234217,911518.349597818,1430.06950373964,6089708.65471802,"scenario 1",0.142903487347859,0.149681766613189
"148",2,14,2020,"Sep","2020 September","Illinois",58983,219.817978097331,1018795.42055051,1508.25700309272,6142047.74020771,"scenario 1",0.145743051513494,0.165872273164073
"149",2,17,2020,"Oct","2020 October","Illinois",120841,144.142473477836,795406.019896867,1542.98799196807,6220933.27692623,"scenario 1",0.0934177545309232,0.127859596701844
"150",3,19,2020,"Nov","2020 November","Illinois",315889,153.307407037415,991387.054517647,1565.2015629577,6332239.24395605,"scenario 1",0.0979473894389143,0.156561844289743
"151",3,21,2020,"Dec","2020 December","Illinois",231133,132.117150256361,922019.326318022,1458.21804409299,6144465.52803057,"scenario 1",0.0906017798857626,0.150056879986037
"152",3,22,2021,"Jan","2021 January","Illinois",162779,115.757237399088,825117.354975589,1448.21718875109,6104185.3045863,"scenario 1",0.0799308545004319,0.135172396282866
"153",3,24,2021,"Feb","2021 February","Illinois",60373,131.272308070754,844456.837597192,1427.65533565772,6091039.50169798,"scenario 1",0.0919495797003954,0.138639199000726
"154",3,26,2021,"Mar","2021 March","Illinois",57769,111.153807100824,698908.280047539,1371.61674906189,6138246.30693405,"scenario 1",0.0810385314825346,0.113861230895544
"155",1,2,2020,"May","2020 May","Indiana",34589,110.000000000013,927971.971802205,823.99999999987,3188388.58515409,"scenario 1",0.133495145631105,0.29104732595113
"156",1,6,2020,"Jun","2020 June","Indiana",11017,122.000000000012,513302.869351765,792.999999999824,3297763.76140048,"scenario 1",0.153846153846202,0.155651801187171
"157",1,10,2020,"Jul","2020 July","Indiana",20742,123.000000000013,486416.013974902,789.999999999809,3310574.76753724,"scenario 1",0.1556962025317,0.146927965120918
"158",2,13,2020,"Aug","2020 August","Indiana",27850,109.000000000009,322655.098921264,815.999999999809,3338569.80266382,"scenario 1",0.133578431372592,0.0966447065638167
"159",2,14,2020,"Sep","2020 September","Indiana",25830,105.649135739348,331982.874758608,909.530381387553,3347784.12016539,"scenario 1",0.116157896318068,0.0991649589228016
"160",2,17,2020,"Oct","2020 October","Indiana",59332,87.2514469504895,295839.082962198,906.307309001202,3395529.34165494,"scenario 1",0.0962713707413936,0.087126056998821
"161",3,19,2020,"Nov","2020 November","Indiana",159617,50.7462144710051,231173.698080986,889.712395864391,3269453.15327165,"scenario 1",0.0570366499409094,0.0707071449699951
"162",3,21,2020,"Dec","2020 December","Indiana",172508,62.7533988063923,285357.397116762,909.077861988535,3408207.54196989,"scenario 1",0.0690297293887724,0.0837265317920839
"163",3,22,2021,"Jan","2021 January","Indiana",115197,54.488906264473,268529.069617414,904.880475158197,3363177.93422769,"scenario 1",0.0602166891212311,0.079843848547097
"164",3,24,2021,"Feb","2021 February","Indiana",34993,51.5348832633314,223525.661403442,875.919074249013,3281900.12908032,"scenario 1",0.0588352106700221,0.0681086116615257
"165",3,26,2021,"Mar","2021 March","Indiana",24835,70.5760145051377,305414.35389167,815.572502349579,3234005.27804998,"scenario 1",0.0865355493249413,0.0944384215958445
"166",1,2,2020,"May","2020 May","Iowa",19685,61.2627326772468,270112.804382361,639.869342869317,1631788.26949873,"scenario 1",0.0957425658221583,0.165531772369792
"167",1,6,2020,"Jun","2020 June","Iowa",9403,82.6116567058891,176922.571244198,587.439666639796,1587988.82596934,"scenario 1",0.140630027894498,0.111412982478766
"168",1,10,2020,"Jul","2020 July","Iowa",15709,80.9517930914806,164577.202070875,603.705173019743,1607461.46173469,"scenario 1",0.13409160084973,0.102383295642604
"169",2,13,2020,"Aug","2020 August","Iowa",20366,64.0000000001434,107516.746052579,571.999999908341,1600117.49231405,"scenario 1",0.111888111906292,0.0671930321173421
"170",2,14,2020,"Sep","2020 September","Iowa",24117,66.5807473703724,113388.209682536,684.369251252906,1621201.60507123,"scenario 1",0.0972877540136118,0.0699408446968286
"171",2,17,2020,"Oct","2020 October","Iowa",39231,41.7751976286523,85949.4603074956,704.407362171351,1666337.52261172,"scenario 1",0.0593054528843641,0.0515798625075569
"172",3,19,2020,"Nov","2020 November","Iowa",102132,48.4079806463447,110952.22799254,657.993588587118,1621428.62751711,"scenario 1",0.0735690764864277,0.0684286845005574
"173",3,21,2020,"Dec","2020 December","Iowa",51125,41.4779647762806,109430.399626715,623.012211306692,1656391.36418154,"scenario 1",0.0665764876249947,0.0660655458565418
"174",3,22,2021,"Jan","2021 January","Iowa",37642,37.3233419130284,107580.659253032,619.897536285325,1636579.54017109,"scenario 1",0.0602088889345889,0.0657350630460557
"175",3,24,2021,"Feb","2021 February","Iowa",17418,45.0518957406352,107149.02334925,649.485032089119,1630671.30604809,"scenario 1",0.0693655642774742,0.065708535467472
"176",3,26,2021,"Mar","2021 March","Iowa",14581,40.5566894516239,104869.429497658,638.820834629134,1643723.66787611,"scenario 1",0.0634867982588092,0.063799914515535
"177",1,2,2020,"May","2020 May","Kansas",9706,71.0000000000313,293694.707897584,656.99999998576,1518674.54195228,"scenario 1",0.10806697108306,0.193388839928821
"178",1,6,2020,"Jun","2020 June","Kansas",4671,95.0000000000108,183633.364374302,617.999999989936,1483209.5032892,"scenario 1",0.153721682850417,0.123808109351425
"179",1,10,2020,"Jul","2020 July","Kansas",12992,82.5907759301095,140470.987904095,701.514492333747,1491006.87931063,"scenario 1",0.117732102234057,0.094212166190033
"180",2,13,2020,"Aug","2020 August","Kansas",15243,96.6385193985894,135432.676828936,732.654379864545,1468222.75403479,"scenario 1",0.131901919997334,0.0922425949718848
"181",2,14,2020,"Sep","2020 September","Kansas",18510,86.3125746782765,114313.587716336,703.219731864841,1420576.07433724,"scenario 1",0.122739125151377,0.0804698810443281
"182",2,17,2020,"Oct","2020 October","Kansas",25748,59.928351415203,108565.164622501,711.384603210547,1425505.56980773,"scenario 1",0.0842418449102506,0.0761590602814302
"183",3,19,2020,"Nov","2020 November","Kansas",73008,58.8735710592999,119297.431842676,714.725030449124,1480238.92702096,"scenario 1",0.0823723369843428,0.0805933621018643
"184",3,21,2020,"Dec","2020 December","Kansas",65356,56.3382509024067,124062.695603707,687.121902817081,1455364.14704837,"scenario 1",0.0819916388510243,0.0852451229167067
"185",3,22,2021,"Jan","2021 January","Kansas",51807,46.9202429213757,104475.328972596,704.419810604466,1458744.5639844,"scenario 1",0.0666083523135348,0.0716200296830808
"186",3,24,2021,"Feb","2021 February","Kansas",18957,53.2712847541718,112694.817717062,675.685079204424,1441841.31165651,"scenario 1",0.0788404041967232,0.0781603473322516
"187",3,26,2021,"Mar","2021 March","Kansas",7966,58.1264289407304,111556.201020462,672.274969518116,1474887.9186048,"scenario 1",0.086462283405249,0.0756370701890289
"188",1,2,2020,"May","2020 May","Kentucky",9767,103.000000136883,650897.563562552,493.999999999998,2004562.9864707,"scenario 1",0.20850202456859,0.324707962760774
"189",1,6,2020,"Jun","2020 June","Kentucky",5882,157.000000288101,459337.931828431,428.999999999998,1925280.43807905,"scenario 1",0.365967366638932,0.238582350261001
"190",1,10,2020,"Jul","2020 July","Kentucky",14518,122.000000244657,339229.511501564,422.000000000002,1892805.24867229,"scenario 1",0.289099526646104,0.179220504454706
"191",2,13,2020,"Aug","2020 August","Kentucky",18237,82.0000006392111,220486.832418395,486.999999999998,1998386.69814244,"scenario 1",0.168377824721173,0.110332415955002
"192",2,14,2020,"Sep","2020 September","Kentucky",20440,89.4311943714657,247567.32643839,561.041080228286,1959454.43463695,"scenario 1",0.159402221197557,0.126345028525381
"193",2,17,2020,"Oct","2020 October","Kentucky",38375,66.8870844981761,219431.353693237,628.644907428893,1970979.26148868,"scenario 1",0.106398832962377,0.111331132691625
"194",3,19,2020,"Nov","2020 November","Kentucky",71832,48.9219610514447,213880.625567735,638.829112725164,2015160.62426185,"scenario 1",0.0765806693479415,0.106135770515107
"195",3,21,2020,"Dec","2020 December","Kentucky",86212,52.9846514240428,245181.629910056,596.06993299383,2007233.30510539,"scenario 1",0.0888899917463061,0.122149044302143
"196",3,22,2021,"Jan","2021 January","Kentucky",97935,45.308583254527,203389.073552029,602.583683904293,2028806.93882217,"scenario 1",0.0751905245109877,0.100250580604829
"197",3,24,2021,"Feb","2021 February","Kentucky",41456,51.5489491198269,217579.590579429,569.709935682174,2022290.53970083,"scenario 1",0.0904827981595615,0.107590668258586
"198",3,26,2021,"Mar","2021 March","Kentucky",22524,45.917580615059,193524.052223931,605.121347037333,2001708.22560669,"scenario 1",0.0758816076145239,0.0966794509550847
"199",1,2,2020,"May","2020 May","Louisiana",40023,105.592916234611,866302.74354827,932.87506443097,2026733.94933808,"scenario 1",0.113190844369948,0.427437821244964
"200",1,6,2020,"Jun","2020 June","Louisiana",18572,138.342701729674,437183.681112454,906.446718730321,2005713.08722506,"scenario 1",0.152620886447086,0.217969202024456
"201",1,10,2020,"Jul","2020 July","Louisiana",57708,184.440105583127,512231.059859075,907.695085166196,1999992.45628534,"scenario 1",0.203196104724261,0.256116495964421
"202",2,13,2020,"Aug","2020 August","Louisiana",32619,133.421533643758,389445.58620888,903.387991329455,2022663.43732144,"scenario 1",0.147690178444159,0.192540972968105
"203",2,14,2020,"Sep","2020 September","Louisiana",18593,128.607091463525,375758.000591842,1127.92162389969,2014552.6383517,"scenario 1",0.11402130142596,0.186521808087023
"204",2,17,2020,"Oct","2020 October","Louisiana",19175,86.1636241905408,318864.471669937,1179.35557781817,2014679.37126452,"scenario 1",0.0730599200200038,0.158270579536336
"205",3,19,2020,"Nov","2020 November","Louisiana",53321,53.6307031686028,291995.293267922,1160.58219859016,2057072.90317974,"scenario 1",0.0462101721306357,0.141946983413455
"206",3,21,2020,"Dec","2020 December","Louisiana",75288,61.2350071097442,340711.728669301,1192.35678271534,2083595.85393973,"scenario 1",0.0513562785882715,0.16352102449478
"207",3,22,2021,"Jan","2021 January","Louisiana",85332,66.9643518426174,364023.433804866,1181.70996488414,2071039.48075525,"scenario 1",0.0566673327910736,0.175768466602151
"208",3,24,2021,"Feb","2021 February","Louisiana",29504,61.139834613706,307055.807566882,1170.34981959326,2069182.68160429,"scenario 1",0.0522406494110918,0.148394731067831
"209",3,26,2021,"Mar","2021 March","Louisiana",14851,52.4621307359506,269784.822238744,1124.31917284222,2063139.94357071,"scenario 1",0.0466612435357918,0.130764189351025
"210",1,2,2020,"May","2020 May","Maine",2333,79.9999999999905,166492.077378415,376.999999996904,665052.343674993,"scenario 1",0.212201591513653,0.250344320957357
"211",1,6,2020,"Jun","2020 June","Maine",924,92.6130999259426,105477.556525595,367.278237048838,669406.074827983,"scenario 1",0.252160598107063,0.157568866629571
"212",1,10,2020,"Jul","2020 July","Maine",682,104.074922019065,99612.1779444868,421.974708099488,668765.556023054,"scenario 1",0.246637819806317,0.148949324688386
"213",2,13,2020,"Aug","2020 August","Maine",595,71.5113506776601,92950.4997800111,441.12776778838,681341.462515686,"scenario 1",0.162110290712794,0.13642278489381
"214",2,14,2020,"Sep","2020 September","Maine",861,48.6836768153813,65963.531154152,417.785215908848,675683.559598167,"scenario 1",0.116528002814736,0.0976248870009223
"215",2,17,2020,"Oct","2020 October","Maine",1269,33.6601870133931,56395.77214259,427.826638184578,659037.568875896,"scenario 1",0.0786771650223216,0.0855729245280856
"216",3,19,2020,"Nov","2020 November","Maine",5097,29.8528967434214,56665.7490230704,416.837032271859,652114.51938426,"scenario 1",0.0716176693340228,0.0868953954231464
"217",3,21,2020,"Dec","2020 December","Maine",12458,24.0023506635701,47368.6133651055,400.621965507637,645838.66977351,"scenario 1",0.0599127175494638,0.0733443436914629
"218",3,22,2021,"Jan","2021 January","Maine",15129,27.2273574997561,59210.7525041136,425.364265690702,673043.095894365,"scenario 1",0.0640095083105879,0.0879746822533439
"219",3,24,2021,"Feb","2021 February","Maine",5293,32.9501088384087,66098.2978806387,399.69983824916,673126.493409164,"scenario 1",0.082437133281672,0.098195953550829
"220",3,26,2021,"Mar","2021 March","Maine",5873,32.4240498033534,60974.2643168985,403.48433121154,695617.270391792,"scenario 1",0.0803601213112636,0.0876549029361449
"221",1,2,2020,"May","2020 May","Maryland",52778,107.96150216175,761692.89142456,615.061040104535,3065540.32917019,"scenario 1",0.175529736273657,0.248469375586633
"222",1,6,2020,"Jun","2020 June","Maryland",14782,136.813092707608,508247.166331544,586.296346653021,3251240.26757395,"scenario 1",0.233351433091184,0.156324086964755
"223",1,10,2020,"Jul","2020 July","Maryland",20789,160.357790980475,552081.9590036,578.432718744517,3290974.1629215,"scenario 1",0.277228078191237,0.16775639420806
"224",2,13,2020,"Aug","2020 August","Maryland",19900,170.709740651566,408420.07065527,734.460215029844,3220958.38724405,"scenario 1",0.232428846598082,0.126800790805847
"225",2,14,2020,"Sep","2020 September","Maryland",16477,155.144731587405,351618.110160569,659.770531450809,3023847.08404681,"scenario 1",0.235149531832299,0.116281710148517
"226",2,17,2020,"Oct","2020 October","Maryland",20555,133.022846851876,387801.695761626,710.963779164983,3104786.14901515,"scenario 1",0.187102143245764,0.124904478810767
"227",3,19,2020,"Nov","2020 November","Maryland",53089,96.2626601461039,332051.177616116,722.169069406971,3068395.0794181,"scenario 1",0.133296570324111,0.1082165656709
"228",3,21,2020,"Dec","2020 December","Maryland",78292,115.768877572165,416095.592397342,696.366450801425,3111806.82768649,"scenario 1",0.166247063509349,0.13371511004322
"229",3,22,2021,"Jan","2021 January","Maryland",77811,86.9859170746267,341784.351325182,724.436816557428,3046696.83873488,"scenario 1",0.12007384921157,0.112181936509018
"230",3,24,2021,"Feb","2021 February","Maryland",27626,97.4855880186809,332614.777700152,726.815614689173,3026463.87726853,"scenario 1",0.134126986333902,0.109902113882273
"231",3,26,2021,"Mar","2021 March","Maryland",29245,102.487278227461,347450.314847631,733.227417397325,3124433.89428189,"scenario 1",0.139775567301141,0.111204245826263
"232",1,2,2020,"May","2020 May","Massachusetts",97260,163.630890147994,962647.912947078,1092.436425398,3502067.74436072,"scenario 1",0.149785274770913,0.274879866186827
"233",1,6,2020,"Jun","2020 June","Massachusetts",7180,241.41474713468,816940.477034581,1090.54902708868,3629611.11589685,"scenario 1",0.221369916563182,0.225076585603502
"234",1,10,2020,"Jul","2020 July","Massachusetts",7397,181.770594409732,591119.552845621,1027.99856848501,3643238.94380798,"scenario 1",0.176819890593439,0.162251107314903
"235",2,13,2020,"Aug","2020 August","Massachusetts",9187,239.279981975255,538861.693211226,1165.21667009444,3655764.22056458,"scenario 1",0.205352350439564,0.147400559964999
"236",2,14,2020,"Sep","2020 September","Massachusetts",11094,212.400852019339,499977.137778831,1211.68456442057,3725793.64513119,"scenario 1",0.17529384978252,0.134193459273353
"237",2,17,2020,"Oct","2020 October","Massachusetts",26458,146.264152587739,394829.425412746,1180.19086058396,3662920.68027189,"scenario 1",0.123932626046067,0.107790875062967
"238",3,19,2020,"Nov","2020 November","Massachusetts",67591,124.188605188703,425807.174795181,1187.25864501587,3607972.9018862,"scenario 1",0.104601137848142,0.118018396028577
"239",3,21,2020,"Dec","2020 December","Massachusetts",149011,106.511519146553,375416.635385872,1135.70583746768,3657534.65305731,"scenario 1",0.0937844251853493,0.102641990027918
"240",3,22,2021,"Jan","2021 January","Massachusetts",148847,130.779278648055,454814.778932254,1173.92640338901,3618182.35336179,"scenario 1",0.111403302856558,0.125702558498653
"241",3,24,2021,"Feb","2021 February","Massachusetts",57123,123.331933115705,390829.091432014,1165.16925449156,3632270.74602467,"scenario 1",0.105848942237601,0.107599107764683
"242",3,26,2021,"Mar","2021 March","Massachusetts",54432,116.42745157295,371721.679759725,1159.86374356488,3612832.63189788,"scenario 1",0.100380283648755,0.102889261040707
"243",1,2,2020,"May","2020 May","Michigan",62911,217.641616049753,1782138.89419887,1076.43099263577,4594819.28394165,"scenario 1",0.20218817326769,0.387858321311403
"244",1,6,2020,"Jun","2020 June","Michigan",7907,254.619094557161,1141313.73961995,1102.66067718083,4801731.71286278,"scenario 1",0.230913371471762,0.237687944239497
"245",1,10,2020,"Jul","2020 July","Michigan",19959,255.778150776703,966607.466092756,1047.06419581198,4822711.30567915,"scenario 1",0.24428125018481,0.200428224877258
"246",2,13,2020,"Aug","2020 August","Michigan",22338,192.947146590101,738643.119501736,1258.86096142297,4955488.0389938,"scenario 1",0.153271213027371,0.149055575089576
"247",2,14,2020,"Sep","2020 September","Michigan",24994,161.420524145282,635224.393332327,1269.50727855294,4792626.84845321,"scenario 1",0.12715210607479,0.13254200951141
"248",2,17,2020,"Oct","2020 October","Michigan",59319,120.594933880646,630292.054299131,1246.29753335488,4795569.2972814,"scenario 1",0.0967625552110488,0.131432164822734
"249",3,19,2020,"Nov","2020 November","Michigan",191575,117.761026575567,673849.574586863,1214.85618752798,4736820.1949836,"scenario 1",0.0969341291459284,0.142257790426684
"250",3,21,2020,"Dec","2020 December","Michigan",139709,97.3090179299429,552362.778318701,998.236175758089,4636267.5150224,"scenario 1",0.0974809572053865,0.119139539840818
"251",3,22,2021,"Jan","2021 January","Michigan",82509,118.895960002741,661364.118740671,1131.92251841045,4624458.00982273,"scenario 1",0.105038956349862,0.143014406733909
"252",3,24,2021,"Feb","2021 February","Michigan",34606,135.06645171719,661692.246646476,1060.32528557934,4451586.95920694,"scenario 1",0.127382090716995,0.148641878213328
"253",3,26,2021,"Mar","2021 March","Michigan",100531,109.96607919979,542936.269676913,1087.83819376431,4549175.95252823,"scenario 1",0.101086797494458,0.119348267761587
"254",1,2,2020,"May","2020 May","Minnesota",24862,109.696275137146,698640.519263443,749.885611088662,2976283.93969768,"scenario 1",0.146284011207912,0.234735842889509
"255",1,6,2020,"Jun","2020 June","Minnesota",11460,149.147405037443,491932.634447762,720.432133004196,3040028.65734886,"scenario 1",0.207024920467524,0.161818420118699
"256",1,10,2020,"Jul","2020 July","Minnesota",18786,148.282296917905,446302.796576623,696.729699505159,3057938.11695516,"scenario 1",0.212826146241821,0.14594893013107
"257",2,13,2020,"Aug","2020 August","Minnesota",20761,121.448423034028,257722.95270453,732.79226561598,3072792.93807625,"scenario 1",0.165733767580011,0.0838725413323423
"258",2,14,2020,"Sep","2020 September","Minnesota",23334,137.717050055758,293983.584734496,769.270053492198,3123117.95170524,"scenario 1",0.179023022449106,0.0941314382871703
"259",2,17,2020,"Oct","2020 October","Minnesota",49274,97.7881552007833,256709.232025157,767.920214776354,3029771.28481192,"scenario 1",0.127341556217872,0.0847289144603181
"260",3,19,2020,"Nov","2020 November","Minnesota",170428,85.1003349164965,244234.838676163,770.037787255423,3096070.2354959,"scenario 1",0.110514492048257,0.0788854322088863
"261",3,21,2020,"Dec","2020 December","Minnesota",96484,105.783622982384,354101.243509079,751.918507971486,3014243.33434706,"scenario 1",0.140684957027811,0.11747599786458
"262",3,22,2021,"Jan","2021 January","Minnesota",46505,77.0314427565023,282252.699298813,789.3884595893,2976167.52355019,"scenario 1",0.0975836951006098,0.0948376383605321
"263",3,24,2021,"Feb","2021 February","Minnesota",22703,76.5085115983797,257438.618442727,816.438277850699,2975492.66631736,"scenario 1",0.0937100986982028,0.0865196615528372
"264",3,26,2021,"Mar","2021 March","Minnesota",34956,65.4964823631876,207710.926231784,753.186983722068,2919375.95630676,"scenario 1",0.0869591267224505,0.0711490843730022
"265",1,2,2020,"May","2020 May","Mississippi",15524,88.8931291165788,412699.328236685,712.651020133157,1223295.33102876,"scenario 1",0.124735847708419,0.337366879255247
"266",1,6,2020,"Jun","2020 June","Mississippi",11726,124.763503614684,279080.547574133,763.502921213576,1264512.11465954,"scenario 1",0.163409333675337,0.220702154086734
"267",1,10,2020,"Jul","2020 July","Mississippi",31497,121.693860922056,264001.048347098,747.648704728802,1260624.18846596,"scenario 1",0.162768771151952,0.209420897014802
"268",2,13,2020,"Aug","2020 August","Mississippi",24210,92.8320503686366,193610.619195625,722.513427159029,1277817.0868315,"scenario 1",0.128484879144265,0.151516692953062
"269",2,14,2020,"Sep","2020 September","Mississippi",15235,62.8358194136442,141568.805023976,871.469257514755,1258694.31449812,"scenario 1",0.0721033115876498,0.112472745283213
"270",2,17,2020,"Oct","2020 October","Mississippi",21968,45.6133188255917,139148.031229273,911.043892713402,1267068.67586674,"scenario 1",0.0500670924753576,0.109818855030954
"271",3,19,2020,"Nov","2020 November","Mississippi",33110,27.7599235929856,123108.303523156,868.951501112109,1218362.98110871,"scenario 1",0.0319464591032499,0.10104402828386
"272",3,21,2020,"Dec","2020 December","Mississippi",62541,34.9063784444795,165036.403053986,879.252656275196,1248597.11399798,"scenario 1",0.0397000545808464,0.132177466377079
"273",3,22,2021,"Jan","2021 January","Mississippi",59190,29.9261040103051,148460.714170769,876.213930209516,1256815.63630329,"scenario 1",0.0341538783835009,0.118124496451557
"274",3,24,2021,"Feb","2021 February","Mississippi",19794,31.7759182041039,127494.563766319,856.752668271076,1279923.41414394,"scenario 1",0.0370887881425891,0.0996110879427829
"275",3,26,2021,"Mar","2021 March","Mississippi",10354,28.0000034742939,122766.936170247,799.999997905063,1243886.29125766,"scenario 1",0.0350000044345209,0.0986962691309351
"276",1,2,2020,"May","2020 May","Missouri",13570,79.6669630304689,690194.79708675,678.614699095641,2967392.5393527,"scenario 1",0.117396459488186,0.232593021628782
"277",1,6,2020,"Jun","2020 June","Missouri",8676,125.380232640341,487767.592097523,657.507159322906,2982493.36994057,"scenario 1",0.190690292664579,0.163543562917373
"278",1,10,2020,"Jul","2020 July","Missouri",29349,122.615363573335,439173.457000509,722.73147512051,3100064.65188673,"scenario 1",0.169655491415937,0.141665902591168
"279",2,13,2020,"Aug","2020 August","Missouri",35592,99.0187640697399,305539.734635002,686.951828413318,3037436.84401826,"scenario 1",0.144142223623522,0.100591304552295
"280",2,14,2020,"Sep","2020 September","Missouri",43321,76.0960329160235,240840.660831121,807.484073706236,2975033.38357653,"scenario 1",0.0942384319318567,0.0809539355627624
"281",2,17,2020,"Oct","2020 October","Missouri",62644,61.5221664301321,235306.343852052,823.456819663171,3004384.84288626,"scenario 1",0.0747120734943907,0.0783209728970664
"282",3,19,2020,"Nov","2020 November","Missouri",128807,53.6997748529413,271379.601139948,812.870506301479,3018154.22220741,"scenario 1",0.0660619058468151,0.0899157502102283
"283",3,21,2020,"Dec","2020 December","Missouri",118798,44.5290803777835,248362.163612511,835.527674761044,3086269.15281676,"scenario 1",0.0532945606984455,0.0804732676622961
"284",3,22,2021,"Jan","2021 January","Missouri",91992,42.2336471261146,227929.330946564,803.808454192502,3008128.77867671,"scenario 1",0.0525419294930683,0.0757711347207786
"285",3,24,2021,"Feb","2021 February","Missouri",30185,62.6079865302649,269689.010644387,765.379420211691,3028319.39798742,"scenario 1",0.081799934616675,0.0890556692347639
"286",3,26,2021,"Mar","2021 March","Missouri",88278,46.6299884530856,212744.256939967,737.667889150451,3024949.12690461,"scenario 1",0.0632127128466821,0.0703298627562921
"287",1,2,2020,"May","2020 May","Montana",516,68.0000000000415,112165.612294709,901.999999980781,540316.830390669,"scenario 1",0.0753880266091911,0.207592297677659
"288",1,6,2020,"Jun","2020 June","Montana",457,74.0051986680998,65451.3025142492,866.710710835007,542178.897053867,"scenario 1",0.085386274500752,0.120719015199418
"289",1,10,2020,"Jul","2020 July","Montana",2995,75.4138257928235,58559.8461981099,971.034384073397,538673.061081332,"scenario 1",0.0776633938300615,0.108711295271675
"290",2,13,2020,"Aug","2020 August","Montana",3459,65.3490110786701,56383.2110984752,1007.72029020635,536309.668252246,"scenario 1",0.0648483628976933,0.105131819238351
"291",2,14,2020,"Sep","2020 September","Montana",5645,40.9196096952056,32580.3592074989,1025.3283770218,532024.680562721,"scenario 1",0.0399087849436702,0.0612384357301598
"292",2,17,2020,"Oct","2020 October","Montana",19735,31.5276275509965,32345.0486035572,1007.15602084679,531323.628889808,"scenario 1",0.0313036182065305,0.0608763601783373
"293",3,19,2020,"Nov","2020 November","Montana",29449,29.6531246729085,38474.2419114224,965.054335857464,527483.028347813,"scenario 1",0.0307268964773484,0.0729392982214646
"294",3,21,2020,"Dec","2020 December","Montana",19375,28.8589577496366,40009.6310108086,944.5280601572,522491.41461248,"scenario 1",0.0305538384374029,0.076574714707002
"295",3,22,2021,"Jan","2021 January","Montana",12320,30.4143376864138,43106.2386002953,946.523808884328,530754.221037234,"scenario 1",0.0321326705159834,0.0812169491861116
"296",3,24,2021,"Feb","2021 February","Montana",6006,31.4740223215673,42455.1140222296,904.968858721086,538286.634351627,"scenario 1",0.0347791219755858,0.0788708307301134
"297",3,26,2021,"Mar","2021 March","Montana",4599,30.3842847854051,40187.7583624378,856.975153191273,531836.08645995,"scenario 1",0.0354552692365206,0.075564181118169
"298",1,2,2020,"May","2020 May","Nebraska",14173,61.8572885954765,168927.888926118,661.526129478644,1015423.13696128,"scenario 1",0.0935069467992548,0.166362064027462
"299",1,6,2020,"Jun","2020 June","Nebraska",5056,67.7652525578773,88270.3600346057,640.083665684972,1015778.2216922,"scenario 1",0.105869367069943,0.086899244490155
"300",1,10,2020,"Jul","2020 July","Nebraska",7025,78.0446432094789,95699.3451009549,661.179862157606,1036187.56509005,"scenario 1",0.118038445627788,0.0923571642095879
"301",2,13,2020,"Aug","2020 August","Nebraska",8088,67.0638135215778,65339.9493892531,804.267252714737,1004899.96725766,"scenario 1",0.0833849858926986,0.0650213469183043
"302",2,14,2020,"Sep","2020 September","Nebraska",11240,45.2828502515051,41958.6249477843,801.964062753703,977022.687006253,"scenario 1",0.0564649369649028,0.0429453947239977
"303",2,17,2020,"Oct","2020 October","Nebraska",25162,43.7423878910801,50455.4015890254,788.343415790329,1015840.11027109,"scenario 1",0.0554864631516299,0.0496686447787149
"304",3,19,2020,"Nov","2020 November","Nebraska",57667,30.4269695035901,42420.1337204675,734.537342980375,1000229.73075561,"scenario 1",0.0414233119586992,0.0424103907493548
"305",3,21,2020,"Dec","2020 December","Nebraska",38393,35.303300069078,54547.5649337307,712.95280446489,1001867.12779526,"scenario 1",0.0495170225125561,0.0544459074665618
"306",3,22,2021,"Jan","2021 January","Nebraska",23924,46.389126309159,73535.0098493313,713.110230740612,1010322.86624244,"scenario 1",0.065051831132728,0.0727836737208772
"307",3,24,2021,"Feb","2021 February","Nebraska",10188,36.8416425732458,56218.4166405253,745.80497566919,996374.933281737,"scenario 1",0.0493984939429894,0.0564229536118096
"308",3,26,2021,"Mar","2021 March","Nebraska",8481,23.2827256539352,35653.7931701016,782.230254582621,988063.087508104,"scenario 1",0.0297645424956853,0.036084531059672
"309",1,2,2020,"May","2020 May","Nevada",8750,152.248702903459,663974.369537639,589.043672472883,1469092.8219929,"scenario 1",0.258467597596454,0.451962163042172
"310",1,6,2020,"Jun","2020 June","Nevada",9707,215.443698784566,531816.605163915,546.364910918514,1496720.38641211,"scenario 1",0.394321989716315,0.35532128111034
"311",1,10,2020,"Jul","2020 July","Nevada",29634,191.987716126068,401889.856680446,554.056834730911,1517394.99014372,"scenario 1",0.346512675399648,0.264855136131945
"312",2,13,2020,"Aug","2020 August","Nevada",21141,247.46917622847,387076.472943922,603.501784643331,1537831.49516628,"scenario 1",0.410055417441267,0.251702786788139
"313",2,14,2020,"Sep","2020 September","Nevada",10748,257.4077917323,403682.015657143,725.690762300689,1548522.79110811,"scenario 1",0.354707273544765,0.260688456104848
"314",2,17,2020,"Oct","2020 October","Nevada",20782,156.853404240008,343412.791345009,776.763531173315,1524965.43160476,"scenario 1",0.201931988237242,0.225193820284586
"315",3,19,2020,"Nov","2020 November","Nevada",51416,134.808372849776,341819.828389075,748.918461580814,1509300.99377903,"scenario 1",0.180004072225998,0.226475586909419
"316",3,21,2020,"Dec","2020 December","Nevada",72571,119.316830934133,302883.141869053,705.90281081156,1425226.92990297,"scenario 1",0.169027278410971,0.212515730312276
"317",3,22,2021,"Jan","2021 January","Nevada",53559,114.084897591065,298605.451684451,734.823329195171,1475908.62735588,"scenario 1",0.155254866113217,0.202319741310414
"318",3,24,2021,"Feb","2021 February","Nevada",15446,138.116837801916,323713.56259383,748.892157070842,1495728.88010006,"scenario 1",0.184428207049377,0.216425293982539
"319",3,26,2021,"Mar","2021 March","Nevada",10008,108.262570808406,273941.370616157,738.041733598978,1527746.65973398,"scenario 1",0.14668895521731,0.179310731180951
"320",1,2,2020,"May","2020 May","New Hampshire",4679,99.9999999999808,165188.083359924,762.999999965591,735684.839428064,"scenario 1",0.131061598957393,0.22453647881115
"321",1,6,2020,"Jun","2020 June","New Hampshire",1187,91.9999999999848,93128.8281350511,754.999999962018,754549.5328344,"scenario 1",0.121854304641872,0.12342308103382
"322",1,10,2020,"Jul","2020 July","New Hampshire",722,88.0000000000128,90437.1654015717,802.999999960736,758707.496096932,"scenario 1",0.109589041101265,0.119198987576653
"323",2,13,2020,"Aug","2020 August","New Hampshire",691,60.000000000002,50570.5726142543,801.999999965506,747378.525837986,"scenario 1",0.0748129675842676,0.0676639358316495
"324",2,14,2020,"Sep","2020 September","New Hampshire",994,76.1906142659279,58557.0574303156,784.721670934851,745917.23145131,"scenario 1",0.0970925324072686,0.0785034249931226
"325",2,17,2020,"Oct","2020 October","New Hampshire",2811,53.2309180653605,59629.7040283602,781.205255424562,737694.691672773,"scenario 1",0.0681394776798206,0.0808324971041146
"326",3,19,2020,"Nov","2020 November","New Hampshire",10497,42.2230794283398,52054.2160639611,771.856210773539,738431.793505748,"scenario 1",0.0547032968563208,0.0704929236819973
"327",3,21,2020,"Dec","2020 December","New Hampshire",24106,37.759193212191,43821.4003170927,758.077735811034,744784.458162349,"scenario 1",0.0498091309485486,0.0588376943649117
"328",3,22,2021,"Jan","2021 January","New Hampshire",21823,32.7340929263758,43669.2398031971,745.665087464266,727970.08344007,"scenario 1",0.0438991894305961,0.0599876846543408
"329",3,24,2021,"Feb","2021 February","New Hampshire",8500,42.8621021019408,45468.6333164842,736.474039366607,730318.756367541,"scenario 1",0.0581990671915655,0.0622586136807386
"330",3,26,2021,"Mar","2021 March","New Hampshire",8166,37.0000000002402,40379.2956216702,672.999999971596,685898.772724942,"scenario 1",0.0549777117411617,0.0588706340168115
"331",1,2,2020,"May","2020 May","New Jersey",161141,156.137848979657,1643680.15123649,907.516623442029,4423929.92602723,"scenario 1",0.17204957457138,0.371542989767142
"332",1,6,2020,"Jun","2020 June","New Jersey",12061,198.724302043055,1115980.30627499,891.966753115917,4585850.57047326,"scenario 1",0.222793395996935,0.243352959091257
"333",1,10,2020,"Jul","2020 July","New Jersey",10812,197.06235127574,977478.184223469,993.123879988694,4632072.34003694,"scenario 1",0.198426757473583,0.211023946188128
"334",2,13,2020,"Aug","2020 August","New Jersey",12119,202.07824472792,757851.37653063,1076.11712819467,4551518.12417177,"scenario 1",0.187784618823913,0.166505187028896
"335",2,14,2020,"Sep","2020 September","New Jersey",14547,189.253516251386,707633.416376484,1043.71564705658,4318174.03405954,"scenario 1",0.181326702138755,0.163873297091557
"336",2,17,2020,"Oct","2020 October","New Jersey",39410,138.3772830022,678963.435711277,1064.71564364363,4395492.46009461,"scenario 1",0.129966422329112,0.154468115205608
"337",3,19,2020,"Nov","2020 November","New Jersey",118971,118.062185936628,718767.31481336,1060.82321460043,4429900.98888353,"scenario 1",0.111292988607057,0.162253584587341
"338",3,21,2020,"Dec","2020 December","New Jersey",160038,95.9067211002439,621525.346336494,1023.76517809934,4369302.10783895,"scenario 1",0.0936803899486979,0.142248196850801
"339",3,22,2021,"Jan","2021 January","New Jersey",168040,115.38830321243,682876.748838954,1030.5080195728,4334429.95960993,"scenario 1",0.111972251569924,0.157547071980005
"340",3,24,2021,"Feb","2021 February","New Jersey",92336,124.009243488501,675842.412969365,968.747912285861,4289479.4445179,"scenario 1",0.128009817534355,0.157558142359935
"341",3,26,2021,"Mar","2021 March","New Jersey",119566,112.000000027617,553192.20573077,993.999999999996,4440971.66364095,"scenario 1",0.112676056365813,0.124565578803363
"342",1,2,2020,"May","2020 May","New Mexico",7694,74.2329754048866,216879.248529957,720.601016534546,951260.123208555,"scenario 1",0.103015363150446,0.227991527489278
"343",1,6,2020,"Jun","2020 June","New Mexico",4454,120.919660587741,208514.464843657,696.818429378325,946971.42499669,"scenario 1",0.173531088572989,0.220190873071366
"344",1,10,2020,"Jul","2020 July","New Mexico",8452,139.20081896532,200287.377627132,704.115288364901,926454.968911047,"scenario 1",0.197696060951286,0.216186845932242
"345",2,13,2020,"Aug","2020 August","New Mexico",4952,130.935161651352,163213.593319406,685.702604172842,912995.89841332,"scenario 1",0.190950363691995,0.178767060841185
"346",2,14,2020,"Sep","2020 September","New Mexico",3890,114.811558494914,138164.832729357,863.845883760766,920828.93329382,"scenario 1",0.132907455662208,0.150043974221292
"347",2,17,2020,"Oct","2020 October","New Mexico",17049,89.0209559271021,128312.93171369,875.767311313686,906594.747457841,"scenario 1",0.101649096486106,0.141532842621788
"348",3,19,2020,"Nov","2020 November","New Mexico",50607,102.268782155428,149946.77945013,802.335686860875,958361.66875653,"scenario 1",0.127463833193751,0.156461578481833
"349",3,21,2020,"Dec","2020 December","New Mexico",46586,98.7066201446043,153095.414230657,774.550465602628,960674.903353051,"scenario 1",0.127437300121958,0.159362354211926
"350",3,22,2021,"Jan","2021 January","New Mexico",30380,85.9034701217197,134954.015617405,715.263314011259,927237.107931637,"scenario 1",0.120100483890283,0.145544235086152
"351",3,24,2021,"Feb","2021 February","New Mexico",11075,117.000000397417,157198.363456266,778.99999999998,926818.841912136,"scenario 1",0.150192555067291,0.169610668609139
"352",3,26,2021,"Mar","2021 March","New Mexico",6640,104.000000724897,134430.894643356,811.99999999998,932665.308086426,"scenario 1",0.128078818626723,0.14413626568696
"353",1,2,2020,"May","2020 May","New York",373682,184.000000000022,3214142.24429967,1764.99999818306,8828727.5059227,"scenario 1",0.104249291892033,0.364054983251378
"354",1,6,2020,"Jun","2020 June","New York",22227,255.000000000052,2662020.15627468,1751.99999813111,9211861.35191083,"scenario 1",0.145547945360768,0.288977444902869
"355",1,10,2020,"Jul","2020 July","New York",22235,288.401548094374,2564080.27052499,1920.06227401394,9217970.18311882,"scenario 1",0.150204267849846,0.278161050598826
"356",2,13,2020,"Aug","2020 August","New York",19010,282.885066969284,2168282.82015465,2028.90231262311,9274308.34341763,"scenario 1",0.13942764282404,0.233794558026914
"357",2,14,2020,"Sep","2020 September","New York",24383,246.44317739726,1903560.16652204,2061.6692898019,9175016.50441653,"scenario 1",0.119535746405254,0.207472124503071
"358",2,17,2020,"Oct","2020 October","New York",50224,177.187822552119,1672601.93924365,2042.35368904773,9027379.85048097,"scenario 1",0.086756678582315,0.185280997027564
"359",3,19,2020,"Nov","2020 November","New York",144652,120.815452112786,1637983.17216665,1938.69573248496,9092483.21363213,"scenario 1",0.0623179027468785,0.180146955862493
"360",3,21,2020,"Dec","2020 December","New York",322370,117.511437712045,1594769.78820499,1895.86364638126,9241651.36873413,"scenario 1",0.0619830639910976,0.172563292486917
"361",3,22,2021,"Jan","2021 January","New York",441124,126.674198751271,1733944.42169767,1869.8510864007,9069495.664259,"scenario 1",0.0677456080179668,0.191184216398138
"362",3,24,2021,"Feb","2021 February","New York",224047,144.580456830167,1688941.12611396,1846.21165606118,9143838.33965082,"scenario 1",0.0783119618790748,0.184708113089679
"363",3,26,2021,"Mar","2021 March","New York",229232,117.500839582194,1481034.48104683,1820.39029651047,9140372.83514362,"scenario 1",0.0645470588408614,0.162032173934135
"364",1,2,2020,"May","2020 May","North Carolina",29514,115.000000000003,1414866.43505782,922.000000000006,4768915.50210125,"scenario 1",0.124728850325382,0.296685155028311
"365",1,6,2020,"Jun","2020 June","North Carolina",37712,138.889941372542,824408.27265901,853.204237866201,4805023.07240144,"scenario 1",0.162786276964464,0.171572177747523
"366",1,10,2020,"Jul","2020 July","North Carolina",58452,159.460352049088,891329.876752618,847.867342862414,4801542.81230746,"scenario 1",0.188072289128093,0.185634057967355
"367",2,13,2020,"Aug","2020 August","North Carolina",47223,119.003427255808,657362.990363177,846.109470586607,4821062.80898117,"scenario 1",0.140647790141509,0.136352297493112
"368",2,14,2020,"Sep","2020 September","North Carolina",37731,99.4732956144068,551495.639840683,1144.89539405528,4828766.60822994,"scenario 1",0.0868841783545544,0.114210456744946
"369",2,17,2020,"Oct","2020 October","North Carolina",64710,78.2235620399288,592815.471837768,1186.07304177508,4845319.63388804,"scenario 1",0.0659517241222003,0.12234806300324
"370",3,19,2020,"Nov","2020 November","North Carolina",89657,72.0916052018728,609826.936682554,1171.27675923505,4851288.17899756,"scenario 1",0.0615495907636339,0.125704125210011
"371",3,21,2020,"Dec","2020 December","North Carolina",175403,59.0047152646525,510958.684540214,1157.01627533579,4990392.55327829,"scenario 1",0.050997307922508,0.102388475272262
"372",3,22,2021,"Jan","2021 January","North Carolina",224183,62.0047152646484,536156.415692593,1204.01627533578,4964261.06460593,"scenario 1",0.0514982368052758,0.108003267498414
"373",3,24,2021,"Feb","2021 February","North Carolina",94654,63.8483859370921,482781.728046132,1224.54120294784,5003365.32360503,"scenario 1",0.0521406595248817,0.0964914006515674
"374",3,26,2021,"Mar","2021 March","North Carolina",55009,52.0000000000052,395096.924716473,1208,4928285.18705972,"scenario 1",0.0430463576158982,0.0801692494894341
"375",1,2,2020,"May","2020 May","North Dakota",2624,43.0000000000275,76476.771127873,888.999999999985,400376.492733165,"scenario 1",0.0483689538807966,0.191012141111995
"376",1,6,2020,"Jun","2020 June","North Dakota",954,55.4280188934388,41052.2743212811,851.303717458569,399203.49530935,"scenario 1",0.0651095698946438,0.102835458115087
"377",1,10,2020,"Jul","2020 July","North Dakota",2895,57.0644411029791,42695.4662971563,916.351790423113,400108.062178705,"scenario 1",0.0622735086015714,0.106709837499067
"378",2,13,2020,"Aug","2020 August","North Dakota",5347,43.618121258362,29119.0208386814,967.451063649194,404834.921897611,"scenario 1",0.0450856099055138,0.0719281348115665
"379",2,14,2020,"Sep","2020 September","North Dakota",10029,37.0000000001311,22910.1762586944,994.999999999982,403207.579501791,"scenario 1",0.0371859296483736,0.0568198055378883
"380",2,17,2020,"Oct","2020 October","North Dakota",22067,27.4367438736685,19084.1170622425,974.145666084065,411031.912041298,"scenario 1",0.0281649293621154,0.0464297698138948
"381",3,19,2020,"Nov","2020 November","North Dakota",35336,23.8208130335136,22779.9016533277,941.391950368516,408723.798282095,"scenario 1",0.0253038206075469,0.0557342189250388
"382",3,21,2020,"Dec","2020 December","North Dakota",13273,21.7644477444258,23986.3486406158,924.241238748208,405840.158716515,"scenario 1",0.0235484490758101,0.059102945150804
"383",3,22,2021,"Jan","2021 January","North Dakota",5111,22.3022746393567,24745.986676112,945.838084655431,400341.209947857,"scenario 1",0.023579378966836,0.0618122393128978
"384",3,24,2021,"Feb","2021 February","North Dakota",2183,17.7028242157528,18080.3958726106,858.84463587822,393577.675404593,"scenario 1",0.0206123709413993,0.0459385707129455
"385",3,26,2021,"Mar","2021 March","North Dakota",3288,20.8623152408867,21319.0234247846,880.431852734544,390928.143754068,"scenario 1",0.0236955480155451,0.0545343786713814
"386",1,2,2020,"May","2020 May","Ohio",35515,76.5889621324183,1153846.41519305,1128.5980171414,5501683.05520936,"scenario 1",0.0678620385373429,0.209726079022402
"387",1,6,2020,"Jun","2020 June","Ohio",16277,149.184981391043,1021103.08163087,1104.50391172966,5549641.22234943,"scenario 1",0.135069672281575,0.18399443148121
"388",1,10,2020,"Jul","2020 July","Ohio",40668,146.838071887308,998580.301564999,1040.64319990794,5608594.00521334,"scenario 1",0.141103186856261,0.178044675837971
"389",2,13,2020,"Aug","2020 August","Ohio",30696,111.263281478646,731367.529997378,1096.33780746778,5621180.88689608,"scenario 1",0.101486312631717,0.130109232332715
"390",2,14,2020,"Sep","2020 September","Ohio",30832,96.0525388910339,626110.100200904,1346.49664439723,5703287.82644819,"scenario 1",0.0713351491002287,0.109780554524604
"391",2,17,2020,"Oct","2020 October","Ohio",61709,67.4129780067373,594953.316047967,1416.08948127543,5718556.32921271,"scenario 1",0.047605027011443,0.104039075913042
"392",3,19,2020,"Nov","2020 November","Ohio",205366,60.647085334565,659837.615737911,1363.04642462342,5672272.18261669,"scenario 1",0.0444937782301292,0.116326860646789
"393",3,21,2020,"Dec","2020 December","Ohio",279317,50.3512323217864,560734.386121762,1304.39150035619,5482106.05919916,"scenario 1",0.0386013189353326,0.102284483384051
"394",3,22,2021,"Jan","2021 January","Ohio",195412,61.5928827173355,657872.68700127,1291.18259665592,5461556.83585389,"scenario 1",0.0477026896713581,0.12045515716004
"395",3,24,2021,"Feb","2021 February","Ohio",71632,60.0384647944748,604271.724236719,1246.31767308124,5464204.89602461,"scenario 1",0.0481726818861864,0.110587310639897
"396",3,26,2021,"Mar","2021 March","Ohio",50143,40.0295210447634,392593.382437294,1226.39274335299,5455591.78004108,"scenario 1",0.0326400504746314,0.071961649306968
"397",1,2,2020,"May","2020 May","Oklahoma",6430,77.0000000000052,484531.930883985,700.000000000001,1815515.87983102,"scenario 1",0.110000000000007,0.266883884777193
"398",1,6,2020,"Jun","2020 June","Oklahoma",7375,121.233177590046,308387.784043426,669.575471439204,1809509.4139909,"scenario 1",0.181059765121718,0.170426183836906
"399",1,10,2020,"Jul","2020 July","Oklahoma",22812,87.222741366531,223341.012305104,648.41509520266,1850183.79410022,"scenario 1",0.13451682727909,0.120712878913588
"400",2,13,2020,"Aug","2020 August","Oklahoma",22150,100.30868217116,219145.050249644,672.646430675723,1853684.89334228,"scenario 1",0.149125421018577,0.118221306672309
"401",2,14,2020,"Sep","2020 September","Oklahoma",28480,97.0189849172695,214151.54349597,800.052713082021,1840134.40256076,"scenario 1",0.121265740782912,0.116378207590681
"402",2,17,2020,"Oct","2020 October","Oklahoma",35553,71.4544024261192,192058.21843,781.667999630783,1830115.58996416,"scenario 1",0.0914127256838842,0.104943217512158
"403",3,19,2020,"Nov","2020 November","Oklahoma",75021,56.2153324866655,195010.72900832,766.006632275715,1847309.61643547,"scenario 1",0.0733875271022868,0.1055647235706
"404",3,21,2020,"Dec","2020 December","Oklahoma",93388,63.8611021538687,239982.178063301,757.200117223972,1818788.24135768,"scenario 1",0.0843384736758819,0.131946189559792
"405",3,22,2021,"Jan","2021 January","Oklahoma",98988,52.3458186623694,202601.560078192,814.133437786023,1863077.26327704,"scenario 1",0.0642963625283837,0.108745656485458
"406",3,24,2021,"Feb","2021 February","Oklahoma",35362,52.5108350020106,195512.886839811,788.121727734393,1841689.95735158,"scenario 1",0.0666278230305401,0.106159500984067
"407",3,26,2021,"Mar","2021 March","Oklahoma",16443,47.8289232239948,172484.831502855,775.180374949601,1788122.83531277,"scenario 1",0.0617003793821592,0.0964613996849296
"408",1,2,2020,"May","2020 May","Oregon",4252,149.000000048889,655414.854349504,795.999999999987,2107025.99284662,"scenario 1",0.187185929709662,0.31106158945103
"409",1,6,2020,"Jun","2020 June","Oregon",4406,199.534791100475,450892.847596906,769.802693779755,2156082.37550833,"scenario 1",0.259202510867756,0.209125983644572
"410",1,10,2020,"Jul","2020 July","Oregon",9834,161.863959622701,358962.886576586,715.937854408991,2093303.59206015,"scenario 1",0.226086606017389,0.171481522287605
"411",2,13,2020,"Aug","2020 August","Oregon",8223,197.956802149502,286246.730302166,759.703107279528,2163014.67746797,"scenario 1",0.260571268239745,0.132336933856245
"412",2,14,2020,"Sep","2020 September","Oregon",6795,172.358951803238,246458.937335819,836.721339180253,2131426.97335295,"scenario 1",0.205993254542905,0.115630955419558
"413",2,17,2020,"Oct","2020 October","Oregon",11414,151.361617050027,237947.681858951,914.358172211852,2178974.24438668,"scenario 1",0.165538649568669,0.109201695463787
"414",3,19,2020,"Nov","2020 November","Oregon",30507,147.627832901439,299872.562582141,891.442155023801,2089739.66335847,"scenario 1",0.165605622383314,0.143497569501174
"415",3,21,2020,"Dec","2020 December","Oregon",38478,141.033766312419,298584.480008119,897.613131344998,2119245.16775466,"scenario 1",0.157120881354634,0.140891900829232
"416",3,22,2021,"Jan","2021 January","Oregon",28508,109.597391217531,246696.417781074,929.718163097864,2111077.43434368,"scenario 1",0.117882381529847,0.116858062033983
"417",3,24,2021,"Feb","2021 February","Oregon",13185,111.826141800646,239615.694657926,943.6779373387,2089540.17023713,"scenario 1",0.11850032450267,0.114673887619367
"418",3,26,2021,"Mar","2021 March","Oregon",9410,114.838747698298,240166.247248135,975.025446334107,2127537.59574929,"scenario 1",0.117780257048744,0.112884607880949
"419",1,2,2020,"May","2020 May","Pennsylvania",76210,195.200039389443,2235615.03180425,1310.0256530282,6360704.27055391,"scenario 1",0.149004745775953,0.351472877328026
"420",1,6,2020,"Jun","2020 June","Pennsylvania",14990,219.017079685681,1351896.38723616,1176.23274976694,6335976.88890474,"scenario 1",0.186202160864062,0.213368263638009
"421",1,10,2020,"Jul","2020 July","Pennsylvania",25647,229.401032603375,1312282.4337856,1237.4361486484,6282499.68066114,"scenario 1",0.18538413707563,0.208879029126748
"422",2,13,2020,"Aug","2020 August","Pennsylvania",22004,215.96548450513,993042.530189628,1261.38029392482,6187996.57963665,"scenario 1",0.171213618561575,0.160478842774011
"423",2,14,2020,"Sep","2020 September","Pennsylvania",25325,164.103393652875,786663.528995512,1296.50029880741,6350994.01924078,"scenario 1",0.126574127135818,0.123864630735324
"424",2,17,2020,"Oct","2020 October","Pennsylvania",48782,120.327408369269,754320.372297683,1391.32438760027,6393421.72055838,"scenario 1",0.0864840790843952,0.117983828576821
"425",3,19,2020,"Nov","2020 November","Pennsylvania",154244,109.518879195168,770870.552581775,1400.52766007926,6307661.93263156,"scenario 1",0.0781982979107818,0.122211773683338
"426",3,21,2020,"Dec","2020 December","Pennsylvania",279181,122.701673343981,837984.957013223,1391.60294292215,6212242.11630846,"scenario 1",0.0881729044682285,0.134892514059189
"427",3,22,2021,"Jan","2021 January","Pennsylvania",201952,92.013078785262,709042.734380598,1433.48871680536,6097234.87891271,"scenario 1",0.0641882127892296,0.116289227569832
"428",3,24,2021,"Feb","2021 February","Pennsylvania",87560,122.71910895918,830622.995891089,1431.47693877735,6298871.25286786,"scenario 1",0.0857290157003831,0.131868546370575
"429",3,26,2021,"Mar","2021 March","Pennsylvania",94721,102.032826250534,665253.258007218,1384.00420942128,6286502.83803392,"scenario 1",0.073722916126967,0.105822470003891
"430",1,2,2020,"May","2020 May","Rhode Island",15826,77.1370018870156,138693.426349085,408.466788047301,528737.38005526,"scenario 1",0.188845223514435,0.262310613133858
"431",1,6,2020,"Jun","2020 June","Rhode Island",1773,138.964027474197,110426.336411147,375.209657537322,544329.906188907,"scenario 1",0.3703636745021,0.202866561538555
"432",1,10,2020,"Jul","2020 July","Rhode Island",1757,131.390127025709,99084.1520310879,507.012270048822,556630.41191012,"scenario 1",0.259145852649792,0.178007075989745
"433",2,13,2020,"Aug","2020 August","Rhode Island",2692,97.1935210026528,82243.8999097716,480.654471956721,536052.00511689,"scenario 1",0.202210791063657,0.153425225770469
"434",2,14,2020,"Sep","2020 September","Rhode Island",3315,101.508369054746,89726.7367154648,526.093210961513,553451.556938531,"scenario 1",0.192947498541607,0.162122114556505
"435",2,17,2020,"Oct","2020 October","Rhode Island",8345,77.089918636083,76243.3180408396,523.080779143339,560628.371106843,"scenario 1",0.147376699182743,0.135996182088169
"436",3,19,2020,"Nov","2020 November","Rhode Island",23915,44.4816396625888,55601.6316975936,509.869299344592,560121.551068231,"scenario 1",0.0872412591222249,0.0992670815674801
"437",3,21,2020,"Dec","2020 December","Rhode Island",36066,63.7486984570237,81596.3314081276,493.621586495373,555698.022940275,"scenario 1",0.129144875753162,0.146835741787221
"438",3,22,2021,"Jan","2021 January","Rhode Island",25224,45.1052454873163,57767.1089988347,471.916761235815,547891.671236381,"scenario 1",0.0955788164192316,0.105435274948562
"439",3,24,2021,"Feb","2021 February","Rhode Island",8926,33.3486555070571,41920.6764603487,510.942610714747,559813.511283764,"scenario 1",0.0652688869703124,0.0748832881225326
"440",3,26,2021,"Mar","2021 March","Rhode Island",10989,34.032797619782,41506.333898057,477.132564495625,560248.832560634,"scenario 1",0.0713277611972638,0.0740855339373954
"441",1,2,2020,"May","2020 May","South Carolina",11861,85.0000000000035,649611.827531941,669.999999999999,2307163.48498772,"scenario 1",0.126865671641796,0.281562980585834
"442",1,6,2020,"Jun","2020 June","South Carolina",24543,130.596602979697,448911.098147335,656.551132856254,2334821.82605642,"scenario 1",0.198913072332311,0.192267818099662
"443",1,10,2020,"Jul","2020 July","South Carolina",52616,116.153957130648,364565.808432448,622.315920040161,2357113.91016583,"scenario 1",0.186647896012611,0.154666181748849
"444",2,13,2020,"Aug","2020 August","South Carolina",29983,92.28593708024,287311.606267795,664.085088071103,2315931.98182029,"scenario 1",0.13896703711311,0.124058741156108
"445",2,14,2020,"Sep","2020 September","South Carolina",28976,85.3721917526013,246807.633989049,815.046799316768,2310786.29314464,"scenario 1",0.104745140799481,0.106806775997091
"446",2,17,2020,"Oct","2020 October","South Carolina",28641,64.7731778378279,258184.044217669,896.788869993324,2342042.83096922,"scenario 1",0.0722279011316343,0.110238822622566
"447",3,19,2020,"Nov","2020 November","South Carolina",40867,48.3025543610376,253533.444543719,878.551889137218,2303362.27512825,"scenario 1",0.054979739908673,0.110071024120425
"448",3,21,2020,"Dec","2020 December","South Carolina",90020,55.4716715479327,299512.556190183,831.079566424506,2214477.91664427,"scenario 1",0.0667465231837963,0.135251995036397
"449",3,22,2021,"Jan","2021 January","South Carolina",135879,55.9352239378009,284538.817711746,830.47135644505,2273571.34120156,"scenario 1",0.0673535860131763,0.125150600095694
"450",3,24,2021,"Feb","2021 February","South Carolina",73437,54.2315602345398,243355.537250322,858.453835750771,2342563.19613065,"scenario 1",0.0631735312675387,0.103884299750072
"451",3,26,2021,"Mar","2021 March","South Carolina",34808,47.8771231376944,210323.612553251,834.65554196484,2395638.7286688,"scenario 1",0.0573615350650978,0.0877943781907895
"452",1,2,2020,"May","2020 May","South Dakota",4998,39.0000000008823,78290.066889697,584.999999887078,456458.930419348,"scenario 1",0.0666666666810435,0.171516124830271
"453",1,6,2020,"Jun","2020 June","South Dakota",1774,45.235378650594,35664.791316368,580.126665652642,473802.903236929,"scenario 1",0.0779750032688192,0.0752734756851701
"454",1,10,2020,"Jul","2020 July","South Dakota",1994,46.5564109273768,35898.6415942802,640.292660405224,464869.793307432,"scenario 1",0.0727111425858177,0.0772230033250178
"455",2,13,2020,"Aug","2020 August","South Dakota",4744,44.018145507517,30464.4756439422,633.321878773643,456672.88425306,"scenario 1",0.0695035920640437,0.0667096223454788
"456",2,14,2020,"Sep","2020 September","South Dakota",8882,35.8865798126181,22012.5711604842,698.902568878529,466940.800127012,"scenario 1",0.0513470423641486,0.0471421027130132
"457",2,17,2020,"Oct","2020 October","South Dakota",23601,24.0000000582653,16789.9772104056,687.999999783114,477210.722884855,"scenario 1",0.0348837210259172,0.0351835707062617
"458",3,19,2020,"Nov","2020 November","South Dakota",34473,23.9746188937227,22818.3276461048,702.692721476861,464575.349614133,"scenario 1",0.0341182115040765,0.0491165268778407
"459",3,21,2020,"Dec","2020 December","South Dakota",18699,16.7287994167316,18020.650403414,669.639062521323,453186.027735806,"scenario 1",0.0249818153584774,0.0397643556961548
"460",3,22,2021,"Jan","2021 January","South Dakota",9093,17.9791691379642,19358.8535186967,677.836467098389,454996.140258299,"scenario 1",0.0265243462260559,0.0425472917368195
"461",3,24,2021,"Feb","2021 February","South Dakota",4170,21.4624457472431,22184.7705354332,671.573513414674,469455.856961193,"scenario 1",0.0319584458268989,0.0472563505310939
"462",3,26,2021,"Mar","2021 March","South Dakota",5352,20.1584519422834,20053.9960649892,654.614460255019,458881.621309656,"scenario 1",0.0307943884014267,0.0437018942004143
"463",1,2,2020,"May","2020 May","Tennessee",22707,108.000000000008,913128.419550274,891.999999999935,3282587.89865806,"scenario 1",0.121076233183874,0.278173333888048
"464",1,6,2020,"Jun","2020 June","Tennessee",20974,142.322084161781,573697.708893297,841.922526866848,3191987.60948138,"scenario 1",0.169044157413654,0.17973055634339
"465",1,10,2020,"Jul","2020 July","Tennessee",62323,159.889150985539,595370.124827974,824.239084645464,3133539.83060978,"scenario 1",0.193983947090199,0.189999220374396
"466",2,13,2020,"Aug","2020 August","Tennessee",49011,121.235862162224,404095.671270208,826.432035623918,3210489.49476956,"scenario 1",0.146697921832974,0.125867308374175
"467",2,14,2020,"Sep","2020 September","Tennessee",42024,82.0339568239951,284808.471445704,994.023157086465,3299169.33581297,"scenario 1",0.0825272089882101,0.0863273274136209
"468",2,17,2020,"Oct","2020 October","Tennessee",65387,70.1551924790794,292863.168726662,1090.51568149902,3323635.33175533,"scenario 1",0.0643321262309996,0.0881153133523799
"469",3,19,2020,"Nov","2020 November","Tennessee",112109,56.9832907270833,310426.761925457,1112.44721029856,3335120.9071352,"scenario 1",0.0512233661063254,0.0930781133785363
"470",3,21,2020,"Dec","2020 December","Tennessee",213079,54.4807196938646,309752.954937369,1068.65380618993,3343175.5162697,"scenario 1",0.0509807005583077,0.0926523161676505
"471",3,22,2021,"Jan","2021 January","Tennessee",140270,52.6795202040953,297170.904642314,1042.56412920654,3333765.77631757,"scenario 1",0.0505288055941346,0.0891397070404164
"472",3,24,2021,"Feb","2021 February","Tennessee",57349,52.220222762391,272883.873229976,989.202368582539,3277202.17203535,"scenario 1",0.0527902322324795,0.0832673295405811
"473",3,26,2021,"Mar","2021 March","Tennessee",26874,50.0000000000036,287874.150862828,965.999999999924,3235744.29875237,"scenario 1",0.0517598343685379,0.0889669035262848
"474",1,2,2020,"May","2020 May","Texas",64906,278.890498302211,3788087.24917199,2404.8214422307,13611235.9284537,"scenario 1",0.1159713953829,0.278305898823864
"475",1,6,2020,"Jun","2020 June","Texas",98894,406.994286936006,2658866.23811984,2268.38228428819,13852086.5886736,"scenario 1",0.179420501453845,0.191946983661935
"476",1,10,2020,"Jul","2020 July","Texas",277026,448.184607246613,2639801.36027028,2319.01301062045,13967622.3630062,"scenario 1",0.193265240511394,0.188994324994203
"477",2,13,2020,"Aug","2020 August","Texas",195900,490.310386346408,2435655.86614833,2436.14455137875,13917263.6186475,"scenario 1",0.201264898697786,0.175009680989648
"478",2,14,2020,"Sep","2020 September","Texas",141578,425.401626689793,2155990.63478943,2970.3216656701,13981732.1199027,"scenario 1",0.143217359791847,0.154200539411024
"479",2,17,2020,"Oct","2020 October","Texas",164935,336.311576407429,2264310.67467635,3146.39032608348,13975311.3048955,"scenario 1",0.106888065863735,0.162022199382647
"480",3,19,2020,"Nov","2020 November","Texas",348340,277.812604218434,2274466.84086474,3139.72385484045,14001326.9888674,"scenario 1",0.0884831332507588,0.162446519724395
"481",3,21,2020,"Dec","2020 December","Texas",481505,262.535954961666,2235292.17871371,3064.42064400495,14016359.9381626,"scenario 1",0.0856722968092766,0.159477367060733
"482",3,22,2021,"Jan","2021 January","Texas",605882,289.604011495696,2305584.24941319,3187.58045406516,13896398.0028982,"scenario 1",0.0908538672730159,0.165912364407838
"483",3,24,2021,"Feb","2021 February","Texas",274843,259.867149520314,1818945.60516015,2731.33369510551,13795968.1277111,"scenario 1",0.0951429515866151,0.13184617334006
"484",3,26,2021,"Mar","2021 March","Texas",139370,299.087298434218,1961554.64450784,2813.86800354824,13935667.8971603,"scenario 1",0.106290450745051,0.140757849496941
"485",1,2,2020,"May","2020 May","Utah",9798,76.5440666242377,223879.106396051,829.704084054306,1568389.56627741,"scenario 1",0.0922546581308954,0.142744577756552
"486",1,6,2020,"Jun","2020 June","Utah",12420,97.0821671840444,142978.707907294,825.314316142302,1598729.25402211,"scenario 1",0.11763053819038,0.0894327213614098
"487",1,10,2020,"Jul","2020 July","Utah",17978,102.661395623969,151470.411178,821.995048882012,1597525.29906396,"scenario 1",0.124892961050797,0.0948156572335667
"488",2,13,2020,"Aug","2020 August","Utah",11911,110.982801857525,101025.131500988,904.340543515722,1572724.76182163,"scenario 1",0.122722355702496,0.0642357353005455
"489",2,14,2020,"Sep","2020 September","Utah",20935,128.349129431652,112611.687377445,975.534176589618,1601624.58662393,"scenario 1",0.131568050112144,0.0703109132551591
"490",2,17,2020,"Oct","2020 October","Utah",41614,116.18540953651,113562.722605078,931.85960399483,1564684.88921737,"scenario 1",0.124681238502484,0.0725786536239125
"491",3,19,2020,"Nov","2020 November","Utah",81050,79.1676053045614,89791.0263677036,914.608874248905,1568174.84120254,"scenario 1",0.0865589734951734,0.0572583005469265
"492",3,21,2020,"Dec","2020 December","Utah",80906,55.8615422509295,74045.6817250747,842.32085784053,1590218.9080632,"scenario 1",0.0663186026215028,0.0465632004182733
"493",3,22,2021,"Jan","2021 January","Utah",70012,85.5550498850655,114672.855421401,907.670323121709,1614585.67860994,"scenario 1",0.0942578463850399,0.0710230847087208
"494",3,24,2021,"Feb","2021 February","Utah",24619,61.893607714806,83852.2224326397,936.895188030113,1606348.16505811,"scenario 1",0.0660624672915031,0.0522005280403244
"495",3,26,2021,"Mar","2021 March","Utah",14403,50.7172246095357,69039.792010156,882.756983574036,1576924.73111267,"scenario 1",0.0574532125525599,0.0437812855921422
"496",1,2,2020,"May","2020 May","Vermont",983,83.0000001152974,83456.1188240998,710.999999999925,332111.975404397,"scenario 1",0.116736990316886,0.251289098270182
"497",1,6,2020,"Jun","2020 June","Vermont",225,81.6944436121002,48067.6853751627,717.885718144072,336906.795978243,"scenario 1",0.113798675119631,0.142673540424121
"498",1,10,2020,"Jul","2020 July","Vermont",211,75.9672432884262,46770.43654012,729.458679649377,336279.3189677,"scenario 1",0.104141941699756,0.139082107944356
"499",2,13,2020,"Aug","2020 August","Vermont",207,77.5524740696747,37818.2566183602,728.708414349424,318541.584503527,"scenario 1",0.106424562338713,0.118723138384908
"500",2,14,2020,"Sep","2020 September","Vermont",128,65.4114319541357,29614.117189266,715.889219156522,309472.113833283,"scenario 1",0.0913708856116104,0.0956923608478
"501",2,17,2020,"Oct","2020 October","Vermont",425,48.3455666323766,27901.4186964298,742.179740871304,313188.529404236,"scenario 1",0.0651399707779949,0.0890882522086788
"502",3,19,2020,"Nov","2020 November","Vermont",1995,49.0000003312459,31359.3203280926,713.999999999937,321306.239247462,"scenario 1",0.0686274514443281,0.0975994751970578
"503",3,21,2020,"Dec","2020 December","Vermont",3240,55.0092848082734,36333.955905707,681.220295327087,314179.197287573,"scenario 1",0.0807510950358002,0.115647236416006
"504",3,22,2021,"Jan","2021 January","Vermont",4551,37.0062408836449,29968.20718478,715.866238183118,321228.2162236,"scenario 1",0.0516943514162191,0.0932925741614173
"505",3,24,2021,"Feb","2021 February","Vermont",3235,44.2980421312627,31707.6870812193,705.741687566352,314538.955836185,"scenario 1",0.06276806785216,0.10080686825238
"506",3,26,2021,"Mar","2021 March","Vermont",4075,40.7152772101235,27405.5965548128,722.050006752165,320085.023021618,"scenario 1",0.0563884451622178,0.0856197403305619
"507",1,2,2020,"May","2020 May","Virginia",44616,113.720890055094,943430.106089279,903.182567700719,4404565.29415264,"scenario 1",0.125911298691912,0.214193692926234
"508",1,6,2020,"Jun","2020 June","Virginia",18205,145.027947500643,730841.60663664,898.435488989956,4411019.63268337,"scenario 1",0.161422772450459,0.165685412329948
"509",1,10,2020,"Jul","2020 July","Virginia",27086,133.035030722206,604425.327692804,916.739955502697,4385251.68004795,"scenario 1",0.145117522066829,0.137831388433832
"510",2,13,2020,"Aug","2020 August","Virginia",30689,144.644002573568,460240.536607125,924.111425913419,4434341.39743262,"scenario 1",0.156522253180235,0.103790054792262
"511",2,14,2020,"Sep","2020 September","Virginia",27685,123.092713980582,396750.736586377,984.380155984033,4256535.06327643,"scenario 1",0.12504591161484,0.0932097893447123
"512",2,17,2020,"Oct","2020 October","Virginia",32927,94.2979289574448,382082.755977069,1011.38267579365,4291835.13586436,"scenario 1",0.0932366464389428,0.089025496991771
"513",3,19,2020,"Nov","2020 November","Virginia",56631,74.7919662577992,404441.683918412,1021.61654330822,4210605.91182389,"scenario 1",0.0732094314130878,0.0960530841375326
"514",3,21,2020,"Dec","2020 December","Virginia",111747,92.0652132234818,447636.755778208,973.959478308749,4206098.54769508,"scenario 1",0.0945267388160237,0.106425646166448
"515",3,22,2021,"Jan","2021 January","Virginia",155200,69.7753146462866,354895.265748953,1000.04854719131,4207268.98447441,"scenario 1",0.069771927415178,0.0843528823706259
"516",3,24,2021,"Feb","2021 February","Virginia",71421,90.4244629963922,389077.387375613,1012.76402671862,4220046.97262724,"scenario 1",0.089284829052795,0.0921974067822728
"517",3,26,2021,"Mar","2021 March","Virginia",43096,85.1245290864276,362757.194320475,981.379134585584,4311761.82318584,"scenario 1",0.0867396973162404,0.0841320112743249
"518",1,2,2020,"May","2020 May","Washington",21760,183.000000189148,984594.091040798,1070.99999999993,3887191.44409526,"scenario 1",0.170868347515555,0.253291896013102
"519",1,6,2020,"Jun","2020 June","Washington",11679,197.457733326529,623431.344419629,981.345238172248,3838436.36669515,"scenario 1",0.201211281866811,0.162418048617124
"520",1,10,2020,"Jul","2020 July","Washington",24147,201.310244240664,555226.472080218,1020.45401482336,3877461.0960012,"scenario 1",0.1972751748892,0.143193305705329
"521",2,13,2020,"Aug","2020 August","Washington",17916,278.332628654905,540675.237090867,1000.76384327405,3904430.59308155,"scenario 1",0.278120188419604,0.138477359041525
"522",2,14,2020,"Sep","2020 September","Washington",13961,257.876344902578,477286.330107077,1045.50865228064,3885177.78760801,"scenario 1",0.246651564614079,0.122848002382132
"523",2,17,2020,"Oct","2020 October","Washington",21345,193.937054013193,416344.486988342,1079.50418339946,3887579.20044512,"scenario 1",0.179653823482616,0.107096078438909
"524",3,19,2020,"Nov","2020 November","Washington",61154,176.000000372315,474861.764040337,1039.00000000005,3840855.73006288,"scenario 1",0.169393648096542,0.123634366249045
"525",3,21,2020,"Dec","2020 December","Washington",74878,174.490130965482,493664.411112102,1050.97691656004,3811460.10561263,"scenario 1",0.166026606499224,0.129521075239682
"526",3,22,2021,"Jan","2021 January","Washington",64880,128.373893895003,382233.753310998,1054.39844830739,3865858.57662767,"scenario 1",0.121750837267524,0.0988742204957832
"527",3,24,2021,"Feb","2021 February","Washington",28103,183.221974630465,497158.25913292,1106.04870318222,3883438.14372002,"scenario 1",0.165654526878714,0.128020130805195
"528",3,26,2021,"Mar","2021 March","Washington",24760,132.000005293769,355523.121035686,1090.99999999992,3942120.93376604,"scenario 1",0.1209899223591,0.0901857469643993
"529",1,2,2020,"May","2020 May","West Virginia",2061,84.0000000000338,239470.084794811,846.000000000024,770689.150088937,"scenario 1",0.099290780141881,0.310722013884815
"530",1,6,2020,"Jun","2020 June","West Virginia",855,86.3708338904218,121654.2304457,799.008472827724,774140.775781279,"scenario 1",0.1080975193977,0.157147426219635
"531",1,10,2020,"Jul","2020 July","West Virginia",3664,101.000000000034,141151.859409589,824.000000000025,760704.349240911,"scenario 1",0.122572815534018,0.185554163783132
"532",2,13,2020,"Aug","2020 August","West Virginia",3690,67.8624993393241,106066.310602129,937.129485716005,788791.03639576,"scenario 1",0.0724152855861476,0.134466931935206
"533",2,14,2020,"Sep","2020 September","West Virginia",5580,58.7401071462683,86784.7062372846,942.75781993297,780720.254562246,"scenario 1",0.0623066771808318,0.111159798570802
"534",2,17,2020,"Oct","2020 October","West Virginia",8610,44.9929646949386,76143.832789719,909.146201100282,788629.407655935,"scenario 1",0.0494892511682791,0.0965521093311033
"535",3,19,2020,"Nov","2020 November","West Virginia",23383,42.3818665694924,88819.2109994875,902.124997507779,772487.246045759,"scenario 1",0.0469800378956098,0.114978223205806
"536",3,21,2020,"Dec","2020 December","West Virginia",37491,47.4182021864763,97498.3308752838,887.115809053451,773018.514299074,"scenario 1",0.0534520991538538,0.126126773255475
"537",3,22,2021,"Jan","2021 January","West Virginia",35740,38.4532324700489,83478.9494969925,955.013828784692,783420.849031821,"scenario 1",0.0402645818427392,0.106556966922898
"538",3,24,2021,"Feb","2021 February","West Virginia",10781,51.1690641313206,105053.220413302,884.702903243887,780293.063099526,"scenario 1",0.0578375677797621,0.134633031333129
"539",3,26,2021,"Mar","2021 March","West Virginia",9962,39.6112295718815,87537.1046821612,885.000481833426,763094.331481909,"scenario 1",0.0447584271251697,0.114713346791826
"540",1,2,2020,"May","2020 May","Wisconsin",18405,66.0000000000095,527017.798480491,754.999999845578,3004011.19841145,"scenario 1",0.0874172185609386,0.175438027248095
"541",1,6,2020,"Jun","2020 June","Wisconsin",10256,92.7475576721485,349494.803684819,699.210550466588,3082852.1368017,"scenario 1",0.132646107256616,0.113367358593916
"542",1,10,2020,"Jul","2020 July","Wisconsin",24281,82.9232210456801,310508.338360751,715.354391683033,3072749.48734039,"scenario 1",0.115919077326952,0.101052278957342
"543",2,13,2020,"Aug","2020 August","Wisconsin",22667,102.264080532248,322011.351098595,688.502737007548,3051095.76895557,"scenario 1",0.148531116922962,0.105539575117573
"544",2,14,2020,"Sep","2020 September","Wisconsin",47505,58.7669209219618,179944.798608848,800.112480895955,3061446.30278274,"scenario 1",0.0734483242358068,0.0587777085769185
"545",2,17,2020,"Oct","2020 October","Wisconsin",114755,52.2599728182856,190071.387041663,819.105309373575,3029173.10998736,"scenario 1",0.063801286867805,0.0627469544130664
"546",3,19,2020,"Nov","2020 November","Wisconsin",173861,52.8555706566226,227726.874184483,811.8303834279,3027276.05701749,"scenario 1",0.0651066672738257,0.0752250108332842
"547",3,21,2020,"Dec","2020 December","Wisconsin",108708,51.9362933200413,256854.869703334,744.517981308766,3049318.84099088,"scenario 1",0.0697582793483967,0.084233523320201
"548",3,22,2021,"Jan","2021 January","Wisconsin",71703,49.8340253910583,257469.148217623,821.836913885524,3035675.75623787,"scenario 1",0.060637365575915,0.0848144429419253
"549",3,24,2021,"Feb","2021 February","Wisconsin",25241,46.8766502499263,209293.2312967,821.948861345111,3078764.53888036,"scenario 1",0.0570311030946781,0.0679796160614518
"550",3,26,2021,"Mar","2021 March","Wisconsin",18664,43.5357073927101,205587.809244737,761.580388810481,3047225.14806384,"scenario 1",0.0571649533422321,0.0674672199313414
"551",1,2,2020,"May","2020 May","Wyoming",905,39.0000000000053,49791.2503626018,690.999999999344,282566.726555591,"scenario 1",0.0564399421129411,0.176210592696257
"552",1,6,2020,"Jun","2020 June","Wyoming",584,55.4129262930359,33565.9772875776,733.073210684106,295168.525881048,"scenario 1",0.0755898940043443,0.113718009694247
"553",1,10,2020,"Jul","2020 July","Wyoming",1239,58.7371029720864,35949.0724245241,814.910174350472,294569.713197271,"scenario 1",0.0720780091117442,0.122039268851952
"554",2,13,2020,"Aug","2020 August","Wyoming",1164,70.2671200410555,32288.9858422064,844.406611538015,293481.875862961,"scenario 1",0.0832147914060856,0.110020374332361
"555",2,14,2020,"Sep","2020 September","Wyoming",2129,50.4419893396506,25366.2599617984,894.65464646847,297585.365578509,"scenario 1",0.0563815205551815,0.0852402802553348
"556",2,17,2020,"Oct","2020 October","Wyoming",7287,34.3428571567691,18537.4101428371,869.92217222238,298532.236891744,"scenario 1",0.0394780800551776,0.0620951704775497
"557",3,19,2020,"Nov","2020 November","Wyoming",20010,43.6931471712781,29365.3607518919,811.628512745847,293142.772700829,"scenario 1",0.0538339233838131,0.100174261440384
"558",3,21,2020,"Dec","2020 December","Wyoming",11107,39.0000000000088,30444.3780243569,791.999999999013,287888.037702619,"scenario 1",0.0492424242424967,0.105750757368409
"559",3,22,2021,"Jan","2021 January","Wyoming",7488,26.7715101209137,23295.235123061,838.565322271543,289706.906840419,"scenario 1",0.031925372311359,0.0804096642952764
"560",3,24,2021,"Feb","2021 February","Wyoming",2482,30.8173123987078,24080.4328309995,775.214543365133,292587.807735721,"scenario 1",0.0397532691594416,0.0823015593758098
"561",3,26,2021,"Mar","2021 March","Wyoming",1921,24.5160345068884,18265.4620785756,747.62480634401,294772.033603044,"scenario 1",0.032791895478663,0.0619647049121793
